Index,Compound,CAS,T_half_sediment_days,SOURCE,Entry,CID,INCHI,INCHIKEY,Canonical_smiles
0,"1,2-DICHLOROETHYLENE",540-59-0,31.0,HSDB,0.0,10900,InChI=1S/C2H2Cl2/c3-1-2-4/h1-2H,KFUSEUYYWQURPO-UHFFFAOYSA-N,ClC=CCl
1,"1,3,5-Triazine-2,4-diamine, N-cyclopropyl-N'-(1,1-dimethylethyl)-6-(methylthio)-",28159-98-0,200.0,HSDB,1.0,91590,"InChI=1S/C11H19N5S/c1-11(2,3)16-9-13-8(12-7-5-6-7)14-10(15-9)17-4/h7H,5-6H2,1-4H3,(H2,12,13,14,15,16)",HDHLIWCXDDZUFH-UHFFFAOYSA-N,CSc1nc(=NC2CC2)nc(NC(C)(C)C)[nH]1
2,1-CHLORO-3-NITROBENZENE,121-73-3,3.2,HSDB,2.0,8489,InChI=1S/C6H4ClNO2/c7-5-2-1-3-6(4-5)8(9)10/h1-4H,KMAQZIILEGKYQZ-UHFFFAOYSA-N,O=[N+]([O-])c1cccc(Cl)c1
3,1-HYDROXYANTHRAQUINONE,129-43-1,10.0,HSDB,3.0,8512,"InChI=1S/C14H8O3/c15-11-7-3-6-10-12(11)14(17)9-5-2-1-4-8(9)13(10)16/h1-7,15H",BTLXPCBPYBNQNR-UHFFFAOYSA-N,O=C1c2ccccc2C(=O)c2c(O)cccc21
4,"2,4-DIBROMOPHENOL",615-58-7,5.0,HSDB,4.0,12005,"InChI=1S/C6H4Br2O/c7-4-1-2-6(9)5(8)3-4/h1-3,9H",FAXWFCTVSHEODL-UHFFFAOYSA-N,Oc1ccc(Br)cc1Br
5,"2,4-DINONYLPHENOL",137-99-5,104.0,HSDB,5.0,8735,"InChI=1S/C24H42O/c1-3-5-7-9-11-13-15-17-22-19-20-24(25)23(21-22)18-16-14-12-10-8-6-4-2/h19-21,25H,3-18H2,1-2H3",FDAJTLLBHNHECW-UHFFFAOYSA-N,CCCCCCCCCc1ccc(O)c(CCCCCCCCC)c1
6,"2,5-DICHLOROPHENOL",583-78-8,123.0,HSDB,6.0,66,"InChI=1S/C6H4Cl2O/c7-4-1-2-5(8)6(9)3-4/h1-3,9H",RANCECPPZPIPNO-UHFFFAOYSA-N,Oc1cc(Cl)ccc1Cl
7,"2,6-DIBROMOPHENOL",59779-25-8|608-33-3,7.0,HSDB,7.0,11847,"InChI=1S/C6H4Br2O/c7-4-2-1-3-5(8)6(4)9/h1-3,9H",SSIZLKDLDKIHEV-UHFFFAOYSA-N,Oc1c(Br)cccc1Br
8,"2,6-LUTIDINE",108-48-5|27175-64-0,6.0,HSDB,8.0,7937,"InChI=1S/C7H9N/c1-6-4-3-5-7(2)8-6/h3-5H,1-2H3",OISVCGZHLKNMSJ-UHFFFAOYSA-N,Cc1cccc(C)n1
9,2-CHLOROPHENOL,25167-80-0|95-57-8,6.9,HSDB,9.0,7245,"InChI=1S/C6H5ClO/c7-5-3-1-2-4-6(5)8/h1-4,8H",ISPYQTSUDJAMAB-UHFFFAOYSA-N,Oc1ccccc1Cl
10,2-ETHYLHEXANOIC ACID,149-57-5,5.0,HSDB,10.0,8697,"InChI=1S/C8H16O2/c1-3-5-6-7(4-2)8(9)10/h7H,3-6H2,1-2H3,(H,9,10)",OBETXYAYXDNJHR-UHFFFAOYSA-N,CCCCC(CC)C(=O)O
11,2-PYRIDINECARBONITRILE,100-70-9|29386-66-1,0.69,HSDB,11.0,7522,InChI=1S/C6H4N2/c7-5-6-3-1-2-4-8-6/h1-4H,FFNVQNRYTPFDDP-UHFFFAOYSA-N,N#Cc1ccccn1
12,"3,4,5-TRICHLOROPHENOL",609-19-8,22.0,HSDB,12.0,11859,"InChI=1S/C6H3Cl3O/c7-4-1-3(10)2-5(8)6(4)9/h1-2,10H",GBNHEBQXJVDXSW-UHFFFAOYSA-N,Oc1cc(Cl)c(Cl)c(Cl)c1
13,"3,4-DICHLOROANILINE",95-76-1,60.0,HSDB,13.0,7257,"InChI=1S/C6H5Cl2N/c7-5-2-1-4(9)3-6(5)8/h1-3H,9H2",SDYWXFYBZPNOFX-UHFFFAOYSA-N,Nc1ccc(Cl)c(Cl)c1
14,"3,4-DICHLORONITROBENZENE",99-54-7,2.4,HSDB,14.0,7443,InChI=1S/C6H3Cl2NO2/c7-5-2-1-4(9(10)11)3-6(5)8/h1-3H,NTBYINQTYWZXLH-UHFFFAOYSA-N,O=[N+]([O-])c1ccc(Cl)c(Cl)c1
15,"3,4-DICHLOROPHENOL",95-77-2,70.0,HSDB,15.0,7258,"InChI=1S/C6H4Cl2O/c7-5-2-1-4(9)3-6(5)8/h1-3,9H",WDNBURPWRNALGP-UHFFFAOYSA-N,Oc1ccc(Cl)c(Cl)c1
16,"3,5-DICHLOROANILINE",1219795-03-5|626-43-7,149.0,HSDB,16.0,12281,"InChI=1S/C6H5Cl2N/c7-4-1-5(8)3-6(9)2-4/h1-3H,9H2",UQRLKWGPEVNVHT-UHFFFAOYSA-N,Nc1cc(Cl)cc(Cl)c1
17,"3,5-DICHLOROPHENOL",591-35-5,36.0,HSDB,17.0,11571,"InChI=1S/C6H4Cl2O/c7-4-1-5(8)3-6(9)2-4/h1-3,9H",VPOMSPZBQMDLTM-UHFFFAOYSA-N,Oc1cc(Cl)cc(Cl)c1
18,3-CHLOROANILINE,108-42-9,666.3,HSDB,18.0,7932,"InChI=1S/C6H6ClN/c7-5-2-1-3-6(8)4-5/h1-4H,8H2",PNPCRKVUWYDDST-UHFFFAOYSA-N,Nc1cccc(Cl)c1
19,3-CHLOROPHENOL,108-43-0,173.0,HSDB,19.0,7933,"InChI=1S/C6H5ClO/c7-5-2-1-3-6(8)4-5/h1-4,8H",HORNXRXVQWOLPJ-UHFFFAOYSA-N,Oc1cccc(Cl)c1
20,3-IODO-2-PROPYNYL BUTYLCARBAMATE,1246815-08-6|55406-53-6|85045-09-6,0.5541667,HSDB,20.0,62097,"InChI=1S/C8H12INO2/c1-2-3-6-10-8(11)12-7-4-5-9/h2-3,6-7H2,1H3,(H,10,11)",WYVVKGNFXHOCQV-UHFFFAOYSA-N,CCCCN=C(O)OCC#CI
21,3-PYRIDINECARBONITRILE,100-54-9,9.41,HSDB,21.0,79,"InChI=1S/C6H4N2/c7-4-6-2-1-3-8-5-6/h1-3,5H",GZPHSAQLYPIAIN-UHFFFAOYSA-N,N#Cc1cccnc1
22,"4,4'-DICHLOROAZOBENZENE",1602-00-2|21650-51-1,80.0,HSDB,22.0,15340,InChI=1S/C12H8Cl2N2/c13-9-1-5-11(6-2-9)15-16-12-7-3-10(14)4-8-12/h1-8H,XHQLXCFUPJSGOE-UHFFFAOYSA-N,Clc1ccc(N=Nc2ccc(Cl)cc2)cc1
23,"4,4'-THIOBISBENZENAMINE",139-65-1,1.333333,HSDB,23.0,8765,"InChI=1S/C12H12N2S/c13-9-1-5-11(6-2-9)15-12-7-3-10(14)4-8-12/h1-8H,13-14H2",ICNFHJVPAJKPHW-UHFFFAOYSA-N,Nc1ccc(Sc2ccc(N)cc2)cc1
24,4-BROMOANILINE,106-40-1,124.4,HSDB,24.0,7807,"InChI=1S/C6H6BrN/c7-5-1-3-6(8)4-2-5/h1-4H,8H2",WDFQBORIUYODSI-UHFFFAOYSA-N,Nc1ccc(Br)cc1
25,4-FLUOROANILINE,371-40-4,211.3,HSDB,25.0,9731,"InChI=1S/C6H6FN/c7-5-1-3-6(8)4-2-5/h1-4H,8H2",KRZCOLNOCZKSDF-UHFFFAOYSA-N,Nc1ccc(F)cc1
26,4-NITRO-3-TRIFLUOROMETHYLPHENOL,88-30-2,2.1,HSDB,26.0,6931,"InChI=1S/C7H4F3NO3/c8-7(9,10)5-3-4(12)1-2-6(5)11(13)14/h1-3,12H",ZEFMBAFMCSYJOO-UHFFFAOYSA-N,O=[N+]([O-])c1ccc(O)cc1C(F)(F)F
27,5-Chloro-2-methyl-4-isothiazolin-3-one,26172-55-4,5.0,HSDB,27.0,33344,"InChI=1S/C4H4ClNOS/c1-6-4(7)2-3(5)8-6/h2H,1H3",DHNRXBZYEKSXIM-UHFFFAOYSA-N,Cn1sc(Cl)cc1=O
28,ACEPHATE,30560-19-1,6.6,HSDB,28.0,1982,"InChI=1S/C4H10NO3PS/c1-4(6)5-9(7,8-2)10-3/h1-3H3,(H,5,6,7)",YASYVMFAVPKPKE-UHFFFAOYSA-N,COP(=O)(N=C(C)O)SC
29,ACETAMIPRID,135410-20-7|160430-64-8,45.0,HSDB,29.0,213021,"InChI=1S/C10H11ClN4/c1-8(14-7-12)15(2)6-9-3-4-10(11)13-5-9/h3-5H,6H2,1-2H3",WCXDHFDTOYPNIE-UHFFFAOYSA-N,CC(=NC#N)N(C)Cc1ccc(Cl)nc1
30,ACETOCHLOR,123113-74-6|34256-82-1,16.0,HSDB,30.0,1988,"InChI=1S/C14H20ClNO2/c1-4-12-8-6-7-11(3)14(12)16(10-18-5-2)13(17)9-15/h6-8H,4-5,9-10H2,1-3H3",VTNQPKFIQCLBDU-UHFFFAOYSA-N,CCOCN(C(=O)CCl)c1c(C)cccc1CC
31,ALPHA-METHYLBENZYL ALCOHOL,13323-81-4|98-85-1,7.0,HSDB,31.0,7409,"InChI=1S/C8H10O/c1-7(9)8-5-3-2-4-6-8/h2-7,9H,1H3",WAPNOHKVXSQRPX-UHFFFAOYSA-N,CC(O)c1ccccc1
32,AZOBENZENE,103-33-3|1080-16-6|17082-12-1,1.01666,HSDB,32.0,2272,InChI=1S/C12H10N2/c1-3-7-11(8-4-1)13-14-12-9-5-2-6-10-12/h1-10H,DMLAVOWQYNRWNQ-UHFFFAOYSA-N,c1ccc(N=Nc2ccccc2)cc1
33,BENZO(E)PYRENE,192-97-2|73467-76-2,875.0,HSDB,33.0,9128,InChI=1S/C20H12/c1-2-8-16-15(7-1)17-9-3-5-13-11-12-14-6-4-10-18(16)20(14)19(13)17/h1-12H,TXVHTIQJNYSSKO-UHFFFAOYSA-N,c1ccc2c(c1)c1cccc3ccc4cccc2c4c31
34,Benzylamine,100-46-9|89551-24-6,3.3,HSDB,34.0,7504,"InChI=1S/C7H9N/c8-6-7-4-2-1-3-5-7/h1-5H,6,8H2",WGQKYBSKWIADBV-UHFFFAOYSA-N,NCc1ccccc1
35,BETA-HEXACHLOROCYCLOHEXANE,119911-69-2|319-84-6|319-85-7|319-86-8|55963-79-6|58-89-9|608-73-1|6108-10-7|6108-11-8|6108-12-9|6108-13-0,7.416667,HSDB,35.0,727,InChI=1S/C6H6Cl6/c7-1-2(8)4(10)6(12)5(11)3(1)9/h1-6H,JLYXXMFPNIAWKQ-UHFFFAOYSA-N,ClC1C(Cl)C(Cl)C(Cl)C(Cl)C1Cl
36,Bisphenol A,102438-62-0|25766-59-0|80-05-7,1.1,HSDB,36.0,6623,"InChI=1S/C15H16O2/c1-15(2,11-3-7-13(16)8-4-11)12-5-9-14(17)10-6-12/h3-10,16-17H,1-2H3",IISBACLAFKSPIT-UHFFFAOYSA-N,CC(C)(c1ccc(O)cc1)c1ccc(O)cc1
37,C.I. DIRECT BLUE 1,2610-05-1,16.5,HSDB,37.0,17460,"InChI=1S/C34H28N6O16S4.4Na/c1-55-23-11-15(3-7-19(23)37-39-21-9-5-17-25(57(43,44)45)13-27(59(49,50)51)31(35)29(17)33(21)41)16-4-8-20(24(12-16)56-2)38-40-22-10-6-18-26(58(46,47)48)14-28(60(52,53)54)32(36)30(18)34(22)42;;;;/h3-14,41-42H,35-36H2,1-2H3,(H,43,44,45)(H,46,47,48)(H,49,50,51)(H,52,53,54);;;;/q;4*+1/p-4",BPHHNXJPFPEJOF-UHFFFAOYSA-J,COc1cc(-c2ccc(N=Nc3ccc4c(S(=O)(=O)[O-])cc(S(=O)(=O)O)c(N)c4c3[O-])c(OC)c2)ccc1N=Nc1ccc2c(S(=O)(=O)[O-])cc(S(=O)(=O)O)c(N)c2c1[O-].[Na+].[Na+].[Na+].[Na+]
38,C.I. DIRECT RED 28,573-58-0,3.6,HSDB,38.0,11313,"InChI=1S/C32H24N6O6S2.2Na/c33-31-25-7-3-1-5-23(25)29(45(39,40)41)17-27(31)37-35-21-13-9-19(10-14-21)20-11-15-22(16-12-20)36-38-28-18-30(46(42,43)44)24-6-2-4-8-26(24)32(28)34;;/h1-18H,33-34H2,(H,39,40,41)(H,42,43,44);;/q;2*+1/p-2",IQFVPQOLBLOTPF-UHFFFAOYSA-L,Nc1c(N=Nc2ccc(-c3ccc(N=Nc4cc(S(=O)(=O)[O-])c5ccccc5c4N)cc3)cc2)cc(S(=O)(=O)[O-])c2ccccc12.[Na+].[Na+]
39,CHLORFENAPYR,122453-73-0,250.0,HSDB,39.0,91778,"InChI=1S/C15H11BrClF3N2O/c1-2-23-8-22-13(9-3-5-10(17)6-4-9)11(7-21)12(16)14(22)15(18,19)20/h3-6H,2,8H2,1H3",CWFOCCVIPCEQCK-UHFFFAOYSA-N,CCOCn1c(-c2ccc(Cl)cc2)c(C#N)c(Br)c1C(F)(F)F
40,CLONITRALIDE,1420-04-8|5716-19-8,2.9,HSDB,40.0,14992,"InChI=1S/C13H8Cl2N2O4.C2H7NO/c14-7-1-4-12(18)9(5-7)13(19)16-11-3-2-8(17(20)21)6-10(11)15;3-1-2-4/h1-6,18H,(H,16,19);4H,1-3H2",XYCDHXSQODHSLG-UHFFFAOYSA-N,NCCO.O=[N+]([O-])c1ccc(N=C(O)c2cc(Cl)ccc2O)c(Cl)c1
41,CYPERMETHRIN,137497-61-1|211504-93-7|52315-07-8|71697-59-1|72204-44-5|86753-92-6|97955-44-7,85.0,HSDB,41.0,2912,"InChI=1S/C22H19Cl2NO3/c1-22(2)17(12-19(23)24)20(22)21(26)28-18(13-25)14-7-6-10-16(11-14)27-15-8-4-3-5-9-15/h3-12,17-18,20H,1-2H3",KAATUXNTWXVJKI-UHFFFAOYSA-N,CC1(C)C(C=C(Cl)Cl)C1C(=O)OC(C#N)c1cccc(Oc2ccccc2)c1
42,DECABROMODIPHENYL ETHER,1163-19-5|145538-74-5,3650.0,HSDB,42.0,14410,InChI=1S/C12Br10O/c13-1-3(15)7(19)11(8(20)4(1)16)23-12-9(21)5(17)2(14)6(18)10(12)22,WHHGLZMJPXIBIX-UHFFFAOYSA-N,Brc1c(Br)c(Br)c(Oc2c(Br)c(Br)c(Br)c(Br)c2Br)c(Br)c1Br
43,DECAMETHYLCYCLOPENTASILOXANE,541-02-6,2700.0,HSDB,43.0,10913,"InChI=1S/C10H30O5Si5/c1-16(2)11-17(3,4)13-19(7,8)15-20(9,10)14-18(5,6)12-16/h1-10H3",XMSXQFUHVRWGNA-UHFFFAOYSA-N,C[Si]1(C)O[Si](C)(C)O[Si](C)(C)O[Si](C)(C)O[Si](C)(C)O1
44,"DIBENZO(A,H)PYRENE",189-64-0|58615-36-4,875.0,HSDB,44.0,9108,InChI=1S/C24H14/c1-3-7-19-15(5-1)13-17-9-12-22-20-8-4-2-6-16(20)14-18-10-11-21(19)23(17)24(18)22/h1-14H,RXUSYFJGDZFVND-UHFFFAOYSA-N,c1ccc2c(c1)cc1ccc3c4ccccc4cc4ccc2c1c43
45,"Dibenzo(a,i)pyrene",189-55-9,875.0,HSDB,45.0,9106,InChI=1S/C24H14/c1-3-7-19-15(5-1)13-17-9-10-18-14-16-6-2-4-8-20(16)22-12-11-21(19)23(17)24(18)22/h1-14H,TUGYIJVAYAHHHM-UHFFFAOYSA-N,c1ccc2c(c1)cc1ccc3cc4ccccc4c4ccc2c1c34
46,Dichloroethylene,107-06-2|25323-30-2|52399-93-6,511.0,HSDB,46.0,11,InChI=1S/C2H4Cl2/c3-1-2-4/h1-2H2,WSLDOOZREJYCGB-UHFFFAOYSA-N,ClCCCl
47,Dichlorvos,62-73-7,50.0,HSDB,47.0,3039,"InChI=1S/C4H7Cl2O4P/c1-8-11(7,9-2)10-3-4(5)6/h3H,1-2H3",OEBRKCOSUFCWJD-UHFFFAOYSA-N,COP(=O)(OC)OC=C(Cl)Cl
48,DICYCLOHEXYL PHTHALATE,84-61-7,26.4,HSDB,48.0,6777,"InChI=1S/C20H26O4/c21-19(23-15-9-3-1-4-10-15)17-13-7-8-14-18(17)20(22)24-16-11-5-2-6-12-16/h7-8,13-16H,1-6,9-12H2",VOWAEIGWURALJQ-UHFFFAOYSA-N,O=C(OC1CCCCC1)c1ccccc1C(=O)OC1CCCCC1
49,DIFLUBENZURON,35367-38-5,15.0,HSDB,49.0,37123,"InChI=1S/C14H9ClF2N2O2/c15-8-4-6-9(7-5-8)18-14(21)19-13(20)12-10(16)2-1-3-11(12)17/h1-7H,(H2,18,19,20,21)",QQQYTWIFVNKMRW-UHFFFAOYSA-N,O=C(N=C(O)c1c(F)cccc1F)Nc1ccc(Cl)cc1
50,DIMETHYLARSENIC ACID,75-60-5|917-76-0,30.0,HSDB,50.0,2513,"InChI=1S/C2H7AsO2/c1-3(2,4)5/h1-2H3,(H,4,5)",OGGXGZAMXPVRFZ-UHFFFAOYSA-N,C[As](C)(=O)O
51,FLUCYTHRINATE,70124-77-5,16.0,HSDB,51.0,50980,"InChI=1S/C26H23F2NO4/c1-17(2)24(18-11-13-21(14-12-18)32-26(27)28)25(30)33-23(16-29)19-7-6-10-22(15-19)31-20-8-4-3-5-9-20/h3-15,17,23-24,26H,1-2H3",GBIHOLCMZGAKNG-UHFFFAOYSA-N,CC(C)C(C(=O)OC(C#N)c1cccc(Oc2ccccc2)c1)c1ccc(OC(F)F)cc1
52,FLUMEQUINE,42835-25-6,155.0,HSDB,52.0,3374,"InChI=1S/C14H12FNO3/c1-7-2-3-8-4-9(15)5-10-12(8)16(7)6-11(13(10)17)14(18)19/h4-7H,2-3H2,1H3,(H,18,19)",DPSPPJIUMHPXMA-UHFFFAOYSA-N,CC1CCc2cc(F)cc3c(=O)c(C(=O)O)cn1c23
53,Furosemide,54-31-9|84931-49-7,20.0,HSDB,53.0,3440,"InChI=1S/C12H11ClN2O5S/c13-9-5-10(15-6-7-2-1-3-20-7)8(12(16)17)4-11(9)21(14,18)19/h1-5,15H,6H2,(H,16,17)(H2,14,18,19)",ZZUFCTLCJUWOSV-UHFFFAOYSA-N,NS(=O)(=O)c1cc(C(=O)O)c(NCc2ccco2)cc1Cl
54,GLYPHOSATE,1071-83-6|81591-81-3|994-61-6,30.5,HSDB,54.0,3496,"InChI=1S/C3H8NO5P/c5-3(6)1-4-2-10(7,8)9/h4H,1-2H2,(H,5,6)(H2,7,8,9)",XDDAORKBJWWYJS-UHFFFAOYSA-N,O=C(O)CNCP(=O)(O)O
55,HEXACHLORONAPHTHALENE,1335-87-1|58877-88-6,180.0,HSDB,55.0,108177,InChI=1S/C10H2Cl6/c11-4-2-1-3-5(7(4)13)8(14)10(16)9(15)6(3)12/h1-2H,CTLMCQOGOWNFHA-UHFFFAOYSA-N,Clc1ccc2c(Cl)c(Cl)c(Cl)c(Cl)c2c1Cl
56,HEXACHLOROPHENE,139411-96-4|70-30-4,290.0,HSDB,56.0,3598,"InChI=1S/C13H6Cl6O2/c14-6-2-8(16)12(20)4(10(6)18)1-5-11(19)7(15)3-9(17)13(5)21/h2-3,20-21H,1H2",ACGUYXCXAPNIKK-UHFFFAOYSA-N,Oc1c(Cl)cc(Cl)c(Cl)c1Cc1c(O)c(Cl)cc(Cl)c1Cl
57,Hydrochlorothiazide,125727-50-6|58-93-5|8049-49-8,28.8,HSDB,57.0,3639,"InChI=1S/C7H8ClN3O4S2/c8-4-1-5-7(2-6(4)16(9,12)13)17(14,15)11-3-10-5/h1-2,10-11H,3H2,(H2,9,12,13)",JZUFKLXOESDKRF-UHFFFAOYSA-N,NS(=O)(=O)c1cc2c(cc1Cl)NCNS2(=O)=O
58,Imazamox,114311-32-9|221298-64-2,142.0,HSDB,58.0,86137,"InChI=1S/C15H19N3O4/c1-8(2)15(3)14(21)17-12(18-15)11-10(13(19)20)5-9(6-16-11)7-22-4/h5-6,8H,7H2,1-4H3,(H,19,20)(H,17,18,21)",NUPJIGQFXCQJBK-UHFFFAOYSA-N,COCc1cnc(C2=NC(=O)C(C)(C(C)C)N2)c(C(=O)O)c1
59,KEPONE,143-50-0,312.0,HSDB,59.0,299,"InChI=1S/C10Cl10O/c11-2-1(21)3(12)6(15)4(2,13)8(17)5(2,14)7(3,16)9(6,18)10(8,19)20",LHHGDZSESBACKH-UHFFFAOYSA-N,O=C1C2(Cl)C3(Cl)C4(Cl)C(Cl)(Cl)C5(Cl)C3(Cl)C1(Cl)C5(Cl)C24Cl
60,METHANE,14493-06-2|150036-83-2|74-82-8|8006-14-2,70.0,HSDB,60.0,297,InChI=1S/CH4/h1H4,VNWKTOKETHGBQD-UHFFFAOYSA-N,C
61,Methylisothiazolinone,2682-20-4,9.0,HSDB,61.0,39800,"InChI=1S/C4H5NOS/c1-5-4(6)2-3-7-5/h2-3H,1H3",BEGLCMHJXHIJLR-UHFFFAOYSA-N,Cn1sccc1=O
62,METRONIDAZOLE,443-48-1|56010-45-8,74.5,HSDB,62.0,4173,"InChI=1S/C6H9N3O3/c1-5-7-4-6(9(11)12)8(5)2-3-10/h4,10H,2-3H2,1H3",VAOCPAMSLUNLGC-UHFFFAOYSA-N,Cc1ncc([N+](=O)[O-])n1CCO
63,METSULFURON-METHYL,74223-64-6,365.0,HSDB,63.0,52999,"InChI=1S/C14H15N5O6S/c1-8-15-12(18-14(16-8)25-3)17-13(21)19-26(22,23)10-7-5-4-6-9(10)11(20)24-2/h4-7H,1-3H3,(H2,15,16,17,18,19,21)",RSMUVYRMZCOLBH-UHFFFAOYSA-N,COC(=O)c1ccccc1S(=O)(=O)N=C(O)N=c1nc(C)nc(OC)[nH]1
64,NICLOSAMIDE,50-65-7,3.9,HSDB,64.0,4477,"InChI=1S/C13H8Cl2N2O4/c14-7-1-4-12(18)9(5-7)13(19)16-11-3-2-8(17(20)21)6-10(11)15/h1-6,18H,(H,16,19)",RJMUSRYZPJIFPJ-UHFFFAOYSA-N,O=[N+]([O-])c1ccc(N=C(O)c2cc(Cl)ccc2O)c(Cl)c1
65,Nicosulfuron,111991-09-4,182.0,HSDB,65.0,73281,"InChI=1S/C15H18N6O6S/c1-21(2)13(22)9-6-5-7-16-12(9)28(24,25)20-15(23)19-14-17-10(26-3)8-11(18-14)27-4/h5-8H,1-4H3,(H2,17,18,19,20,23)",RTCOGUMHFFWOJV-UHFFFAOYSA-N,COc1cc(OC)nc(N=C(O)NS(=O)(=O)c2ncccc2C(=O)N(C)C)n1
66,NONYLPHENOL,NA,99.0,HSDB,66.0,NA,NA,NA,NA
67,OCTAMETHYLCYCLOTETRASILOXANE,556-67-2,365.0,HSDB,67.0,11169,"InChI=1S/C8H24O4Si4/c1-13(2)9-14(3,4)11-16(7,8)12-15(5,6)10-13/h1-8H3",HMMGMWAXVFQUOA-UHFFFAOYSA-N,C[Si]1(C)O[Si](C)(C)O[Si](C)(C)O[Si](C)(C)O1
68,Octhilinone,26530-20-1,135.0,HSDB,68.0,33528,"InChI=1S/C11H19NOS/c1-2-3-4-5-6-7-9-12-11(13)8-10-14-12/h8,10H,2-7,9H2,1H3",JPMIIZHYYWMHDT-UHFFFAOYSA-N,CCCCCCCCn1sccc1=O
69,OXADIAZON,19666-30-9,577.0,HSDB,69.0,29732,"InChI=1S/C15H18Cl2N2O3/c1-8(2)21-12-7-11(9(16)6-10(12)17)19-14(20)22-13(18-19)15(3,4)5/h6-8H,1-5H3",CHNUNORXWHYHNE-UHFFFAOYSA-N,CC(C)Oc1cc(-n2nc(C(C)(C)C)oc2=O)c(Cl)cc1Cl
70,OXALIC ACID,144-62-7,173.0,HSDB,70.0,971,"InChI=1S/C2H2O4/c3-1(4)2(5)6/h(H,3,4)(H,5,6)",MUBZPKHOEPUJKR-UHFFFAOYSA-N,O=C(O)C(=O)O
71,OXYFLUOROFEN,42874-03-3,17.0,HSDB,71.0,39327,"InChI=1S/C15H11ClF3NO4/c1-2-23-14-8-10(4-5-12(14)20(21)22)24-13-6-3-9(7-11(13)16)15(17,18)19/h3-8H,2H2,1H3",OQMBBFQZGJFLBU-UHFFFAOYSA-N,CCOc1cc(Oc2ccc(C(F)(F)F)cc2Cl)ccc1[N+](=O)[O-]
72,Palmitic acid,1219802-61-5|57-10-3,52.0,HSDB,72.0,985,"InChI=1S/C16H32O2/c1-2-3-4-5-6-7-8-9-10-11-12-13-14-15-16(17)18/h2-15H2,1H3,(H,17,18)",IPCSVZSSVZVIGE-UHFFFAOYSA-N,CCCCCCCCCCCCCCCC(=O)O
73,P-CHLOROBENZOIC ACID,74-11-3,235.0,HSDB,73.0,6318,"InChI=1S/C7H5ClO2/c8-6-3-1-5(2-4-6)7(9)10/h1-4H,(H,9,10)",XRHGYUZYPHTUJZ-UHFFFAOYSA-N,O=C(O)c1ccc(Cl)cc1
74,PENTACHLORONITROBENZENE,82-68-8,7.0,HSDB,74.0,6720,InChI=1S/C6Cl5NO2/c7-1-2(8)4(10)6(12(13)14)5(11)3(1)9,LKPLKUMXSAEKID-UHFFFAOYSA-N,O=[N+]([O-])c1c(Cl)c(Cl)c(Cl)c(Cl)c1Cl
75,PERMETHRIN,52341-32-9|52341-33-0|52645-53-1|82523-59-9|93389-07-2,126.0,HSDB,75.0,40326,"InChI=1S/C21H20Cl2O3/c1-21(2)17(12-18(22)23)19(21)20(24)25-13-14-7-6-10-16(11-14)26-15-8-4-3-5-9-15/h3-12,17,19H,13H2,1-2H3",RLLPVAHGXHCWKJ-UHFFFAOYSA-N,CC1(C)C(C=C(Cl)Cl)C1C(=O)OCc1cccc(Oc2ccccc2)c1
76,PHORATE,298-02-2,1.5,HSDB,76.0,4790,"InChI=1S/C7H17O2PS3/c1-4-8-10(11,9-5-2)13-7-12-6-3/h4-7H2,1-3H3",BULVZWIRKLYCBC-UHFFFAOYSA-N,CCOP(=S)(OCC)SCSCC
77,PRIMISULFURON-METHYL,86209-51-0,365.0,HSDB,77.0,101525,"InChI=1S/C15H12F4N4O7S/c1-28-11(24)7-4-2-3-5-8(7)31(26,27)23-15(25)22-14-20-9(29-12(16)17)6-10(21-14)30-13(18)19/h2-6,12-13H,1H3,(H2,20,21,22,23,25)",ZTYVMAQSHCZXLF-UHFFFAOYSA-N,COC(=O)c1ccccc1S(=O)(=O)NC(O)=Nc1nc(OC(F)F)cc(OC(F)F)n1
78,PROPACHLOR,1918-16-7,146.0,HSDB,78.0,4931,"InChI=1S/C11H14ClNO/c1-9(2)13(11(14)8-12)10-6-4-3-5-7-10/h3-7,9H,8H2,1-2H3",MFOUDYKPLGXPGO-UHFFFAOYSA-N,CC(C)N(C(=O)CCl)c1ccccc1
79,Prosulfuron,94125-34-5,216.0,HSDB,79.0,91751,"InChI=1S/C15H16F3N5O4S/c1-9-19-12(22-14(20-9)27-2)21-13(24)23-28(25,26)11-6-4-3-5-10(11)7-8-15(16,17)18/h3-6H,7-8H2,1-2H3,(H2,19,20,21,22,23,24)",LTUNNEGNEKBSEH-UHFFFAOYSA-N,COc1nc(C)nc(=NC(O)=NS(=O)(=O)c2ccccc2CCC(F)(F)F)[nH]1
80,Prothioconazole,178928-70-6,231.0,HSDB,80.0,6451142,"InChI=1S/C14H15Cl2N3OS/c15-11-4-2-1-3-10(11)7-14(20,13(16)5-6-13)8-19-12(21)17-9-18-19/h1-4,9,20H,5-8H2,(H,17,18,21)",MNHVNIJQQRJYDH-UHFFFAOYSA-N,OC(Cc1ccccc1Cl)(Cn1[nH]cnc1=S)C1(Cl)CC1
81,Pyrithione zinc,13463-41-7|1698050-37-1|3590-23-6,0.9166667,HSDB,81.0,26041,"InChI=1S/2C5H5NOS.Zn/c2*7-6-4-2-1-3-5(6)8;/h2*1-4,8H;/q;;+2/p-2",OTPSWLRZXRHDNX-UHFFFAOYSA-L,[O-][n+]1ccccc1[S-].[O-][n+]1ccccc1[S-].[Zn+2]
82,Quinoxyfen,124495-18-7,150.0,HSDB,82.0,3391107,InChI=1S/C15H8Cl2FNO/c16-9-7-12(17)15-13(8-9)19-6-5-14(15)20-11-3-1-10(18)2-4-11/h1-8H,WRPIRSINYZBGPK-UHFFFAOYSA-N,Fc1ccc(Oc2ccnc3cc(Cl)cc(Cl)c23)cc1
83,RESORCINOL,108-46-3,4.0,HSDB,83.0,5054,"InChI=1S/C6H6O2/c7-5-2-1-3-6(8)4-5/h1-4,7-8H",GHMLBKRAJCXXBS-UHFFFAOYSA-N,Oc1cccc(O)c1
84,SARAFLOXACIN,98105-99-8,300.0,HSDB,84.0,56208,"InChI=1S/C20H17F2N3O3/c21-12-1-3-13(4-2-12)25-11-15(20(27)28)19(26)14-9-16(22)18(10-17(14)25)24-7-5-23-6-8-24/h1-4,9-11,23H,5-8H2,(H,27,28)",XBHBWNFJWIASRO-UHFFFAOYSA-N,O=C(O)c1cn(-c2ccc(F)cc2)c2cc(N3CCNCC3)c(F)cc2c1=O
85,SULPROFOS,35400-43-2,19.5,HSDB,85.0,37125,"InChI=1S/C12H19O2PS3/c1-4-10-18-15(16,13-5-2)14-11-6-8-12(17-3)9-7-11/h6-9H,4-5,10H2,1-3H3",JXHJNEJVUNHLKO-UHFFFAOYSA-N,CCCSP(=S)(OCC)Oc1ccc(SC)cc1
86,TEMEPHOS,3383-96-8,17.2,HSDB,86.0,5392,"InChI=1S/C16H20O6P2S3/c1-17-23(25,18-2)21-13-5-9-15(10-6-13)27-16-11-7-14(8-12-16)22-24(26,19-3)20-4/h5-12H,1-4H3",WWJZWCUNLNYYAU-UHFFFAOYSA-N,COP(=S)(OC)Oc1ccc(Sc2ccc(OP(=S)(OC)OC)cc2)cc1
87,TERBUTRYNE,886-50-0,180.0,HSDB,87.0,13450,"InChI=1S/C10H19N5S/c1-6-11-7-12-8(15-10(2,3)4)14-9(13-7)16-5/h6H2,1-5H3,(H2,11,12,13,14,15)",IROINLKCQGIITA-UHFFFAOYSA-N,CCN=c1nc(NC(C)(C)C)[nH]c(SC)n1
88,THIFENSULFURON-METHYL,79277-27-3,53.0,HSDB,88.0,73674,"InChI=1S/C12H13N5O6S2/c1-6-13-10(16-12(14-6)23-3)15-11(19)17-25(20,21)7-4-5-24-8(7)9(18)22-2/h4-5H,1-3H3,(H2,13,14,15,16,17,19)",AHTPATJNIAFOLR-UHFFFAOYSA-N,COC(=O)c1sccc1S(=O)(=O)N=C(O)N=c1nc(C)nc(OC)[nH]1
89,THIOBENCARB,28249-77-6,517.0,HSDB,89.0,34192,"InChI=1S/C12H16ClNOS/c1-3-14(4-2)12(15)16-9-10-5-7-11(13)8-6-10/h5-8H,3-4,9H2,1-2H3",QHTQREMOGMZHJV-UHFFFAOYSA-N,CCN(CC)C(=O)SCc1ccc(Cl)cc1
90,TRIADIMEFON,43121-43-3,20.0,HSDB,90.0,39385,"InChI=1S/C14H16ClN3O2/c1-14(2,3)12(19)13(18-9-16-8-17-18)20-11-6-4-10(15)5-7-11/h4-9,13H,1-3H3",WURBVZBTWMNKQT-UHFFFAOYSA-N,CC(C)(C)C(=O)C(Oc1ccc(Cl)cc1)n1cncn1
91,Triadimenol,55219-65-3,375.0,HSDB,91.0,41368,"InChI=1S/C14H18ClN3O2/c1-14(2,3)12(19)13(18-9-16-8-17-18)20-11-6-4-10(15)5-7-11/h4-9,12-13,19H,1-3H3",BAZVSMNPJJMILC-UHFFFAOYSA-N,CC(C)(C)C(O)C(Oc1ccc(Cl)cc1)n1cncn1
92,TRIBUFOS,37251-32-4|78-48-8,180.0,HSDB,92.0,5125,"InChI=1S/C12H27OPS3/c1-4-7-10-15-14(13,16-11-8-5-2)17-12-9-6-3/h4-12H2,1-3H3",ZOKXUAHZSKEQSS-UHFFFAOYSA-N,CCCCSP(=O)(SCCCC)SCCCC
93,TRIBUTYLCHLOROSTANNANE,1461-22-9,165.0,HSDB,93.0,15096,"InChI=1S/3C4H9.ClH.Sn/c3*1-3-4-2;;/h3*1,3-4H2,2H3;1H;/q;;;;+1/p-1",GCTFWCDSFPMHHS-UHFFFAOYSA-M,[CH2]CCC.[CH2]CCC.[CH2]CCC.[Cl-].[Sn+]
94,TRICHLOROBENZENES,NA,323.0,HSDB,94.0,NA,NA,NA,NA
95,TRIISOPROPANOLAMINE,122-20-3,14.3,HSDB,95.0,24730,"InChI=1S/C9H21NO3/c1-7(11)4-10(5-8(2)12)6-9(3)13/h7-9,11-13H,4-6H2,1-3H3",SLINHMUFWFWBMU-UHFFFAOYSA-N,CC(O)CN(CC(C)O)CC(C)O
96,TRI-M-CRESYL PHOSPHATE,563-04-2,39.0,HSDB,96.0,11232,"InChI=1S/C21H21O4P/c1-16-7-4-10-19(13-16)23-26(22,24-20-11-5-8-17(2)14-20)25-21-12-6-9-18(3)15-21/h4-15H,1-3H3",RMLPZKRPSQVRAB-UHFFFAOYSA-N,Cc1cccc(OP(=O)(Oc2cccc(C)c2)Oc2cccc(C)c2)c1
97,TRIMETHOPRIM,738-70-5,100.0,HSDB,97.0,5578,"InChI=1S/C14H18N4O3/c1-19-10-5-8(6-11(20-2)12(10)21-3)4-9-7-17-14(16)18-13(9)15/h5-7H,4H2,1-3H3,(H4,15,16,17,18)",IEDVJHCEMCRBQM-UHFFFAOYSA-N,COc1cc(Cc2c[nH]c(=N)[nH]c2=N)cc(OC)c1OC
98,TRIMETHYLTIN CHLORIDE,1066-45-1,140.0,HSDB,98.0,14016,InChI=1S/3CH3.ClH.Sn/h3*1H3;1H;/q;;;;+1/p-1,KWTSZCJMWHGPOS-UHFFFAOYSA-M,[CH3].[CH3].[CH3].[Cl-].[Sn+]
99,TRI-O-CRESYL PHOSPHATE,1330-78-5|78-30-8,12.0,HSDB,99.0,6527,"InChI=1S/C21H21O4P/c1-16-10-4-7-13-19(16)23-26(22,24-20-14-8-5-11-17(20)2)25-21-15-9-6-12-18(21)3/h4-15H,1-3H3",YSMRWXYRXBRSND-UHFFFAOYSA-N,Cc1ccccc1OP(=O)(Oc1ccccc1C)Oc1ccccc1C
100,TRI-P-CRESYL PHOSPHATE,78-32-0,6.7,HSDB,100.0,6529,"InChI=1S/C21H21O4P/c1-16-4-10-19(11-5-16)23-26(22,24-20-12-6-17(2)7-13-20)25-21-14-8-18(3)9-15-21/h4-15H,1-3H3",BOSMZFBHAYFUBJ-UHFFFAOYSA-N,Cc1ccc(OP(=O)(Oc2ccc(C)cc2)Oc2ccc(C)cc2)cc1
101,Furosemide,54-31-9|84931-49-7,20.0,HSDB,101.0,3440,"InChI=1S/C12H11ClN2O5S/c13-9-5-10(15-6-7-2-1-3-20-7)8(12(16)17)4-11(9)21(14,18)19/h1-5,15H,6H2,(H,16,17)(H2,14,18,19)",ZZUFCTLCJUWOSV-UHFFFAOYSA-N,NS(=O)(=O)c1cc(C(=O)O)c(NCc2ccco2)cc1Cl
102,"p, p' - DDT",NA,2291.66666666667,"Gramatica et al. 2007, Environ. Sci. Technol., 41, 8, 2833–2839, DOI: https://doi.org/10.1021/es061773b",102.0,NA,NA,NA,NA
103,benzo a pyrene,NA,2291.66666666667,"Gramatica et al. 2007, Environ. Sci. Technol., 41, 8, 2833–2839, DOI: https://doi.org/10.1021/es061773b",103.0,NA,NA,NA,NA
104,"dibenz(a,h)anthracene",53-70-3,2291.66666666667,"Gramatica et al. 2007, Environ. Sci. Technol., 41, 8, 2833–2839, DOI: https://doi.org/10.1021/es061773b",104.0,5889,InChI=1S/C22H14/c1-3-7-19-15(5-1)9-11-17-14-22-18(13-21(17)19)12-10-16-6-2-4-8-20(16)22/h1-14H,LHRCREOYAASXPZ-UHFFFAOYSA-N,c1ccc2c(c1)ccc1cc3c(ccc4ccccc43)cc12
105,benzamide,55-21-0|55738-52-8,22.9166666666667,"Gramatica et al. 2007, Environ. Sci. Technol., 41, 8, 2833–2839, DOI: https://doi.org/10.1021/es061773b",105.0,2331,"InChI=1S/C7H7NO/c8-7(9)6-4-2-1-3-5-6/h1-5H,(H2,8,9)",KXDAEFPNCMNJSK-UHFFFAOYSA-N,N=C(O)c1ccccc1
106,tetrachlorometane,NA,708.333333333333,"Gramatica et al. 2007, Environ. Sci. Technol., 41, 8, 2833–2839, DOI: https://doi.org/10.1021/es061773b",106.0,NA,NA,NA,NA
107,parathion,56-38-2,70.8333333333333,"Gramatica et al. 2007, Environ. Sci. Technol., 41, 8, 2833–2839, DOI: https://doi.org/10.1021/es061773b",107.0,991,"InChI=1S/C10H14NO5PS/c1-3-14-17(18,15-4-2)16-10-7-5-9(6-8-10)11(12)13/h5-8H,3-4H2,1-2H3",LCCNCVORNKJIRZ-UHFFFAOYSA-N,CCOP(=S)(OCC)Oc1ccc([N+](=O)[O-])cc1
108,benz a anthracene,NA,2291.66666666667,"Gramatica et al. 2007, Environ. Sci. Technol., 41, 8, 2833–2839, DOI: https://doi.org/10.1021/es061773b",108.0,NA,NA,NA,NA
109,chlordane,12789-03-6|33442-85-2|5103-71-9|5103-74-2,2291.66666666667,"Gramatica et al. 2007, Environ. Sci. Technol., 41, 8, 2833–2839, DOI: https://doi.org/10.1021/es061773b",109.0,5993,"InChI=1S/C10H6Cl8/c11-3-1-2-4(5(3)12)9(16)7(14)6(13)8(2,15)10(9,17)18/h2-5H,1H2",BIWJNBZANLAXMG-UHFFFAOYSA-N,ClC1=C(Cl)C2(Cl)C3C(Cl)C(Cl)CC3C1(Cl)C2(Cl)Cl
110,lindane,119911-69-2|319-84-6|319-85-7|319-86-8|55963-79-6|58-89-9|608-73-1|6108-10-7|6108-11-8|6108-12-9|6108-13-0,2291.66666666667,"Gramatica et al. 2007, Environ. Sci. Technol., 41, 8, 2833–2839, DOI: https://doi.org/10.1021/es061773b",110.0,727,InChI=1S/C6H6Cl6/c7-1-2(8)4(10)6(12)5(11)3(1)9/h1-6H,JLYXXMFPNIAWKQ-UHFFFAOYSA-N,ClC1C(Cl)C(Cl)C(Cl)C(Cl)C1Cl
111,"ethane, 1,1'-oxybis-",60-29-7|667919-88-2,70.8333333333333,"Gramatica et al. 2007, Environ. Sci. Technol., 41, 8, 2833–2839, DOI: https://doi.org/10.1021/es061773b",111.0,3283,"InChI=1S/C4H10O/c1-3-5-4-2/h3-4H2,1-2H3",RTZKZFJDLAIYFH-UHFFFAOYSA-N,CCOCC
112,acetamide,60-35-5|74330-92-0,22.9166666666667,"Gramatica et al. 2007, Environ. Sci. Technol., 41, 8, 2833–2839, DOI: https://doi.org/10.1021/es061773b",112.0,178,"InChI=1S/C2H5NO/c1-2(3)4/h1H3,(H2,3,4)",DLFVBJFMPXGRIB-UHFFFAOYSA-N,CC(=N)O
113,dieldrin,60-57-1|605-72-1,2291.66666666667,"Gramatica et al. 2007, Environ. Sci. Technol., 41, 8, 2833–2839, DOI: https://doi.org/10.1021/es061773b",113.0,969491,"InChI=1S/C12H8Cl6O/c13-8-9(14)11(16)5-3-1-2(6-7(3)19-6)4(5)10(8,15)12(11,17)18/h2-7H,1H2/t2-,3+,4+,5-,6-,7+,10+,11-",DFBKLUNHFCTMDC-PICURKEMSA-N,ClC1=C(Cl)[C@]2(Cl)[C@@H]3[C@@H]4C[C@@H]([C@H]5O[C@@H]45)[C@@H]3[C@@]1(Cl)C2(Cl)Cl
114,benzenamine,136260-71-4|62-53-3,70.8333333333333,"Gramatica et al. 2007, Environ. Sci. Technol., 41, 8, 2833–2839, DOI: https://doi.org/10.1021/es061773b",114.0,6115,"InChI=1S/C6H7N/c7-6-4-2-1-3-5-6/h1-5H,7H2",PAYRUJLWNCNPSJ-UHFFFAOYSA-N,Nc1ccccc1
115,ethanethioamide,62-55-5,22.9166666666667,"Gramatica et al. 2007, Environ. Sci. Technol., 41, 8, 2833–2839, DOI: https://doi.org/10.1021/es061773b",115.0,2723949,"InChI=1S/C2H5NS/c1-2(3)4/h1H3,(H2,3,4)",YUKQRDCYNOVPGJ-UHFFFAOYSA-N,CC(=N)S
116,"methanamine, n-methyl-n-nitroso-",62-75-9,229.166666666667,"Gramatica et al. 2007, Environ. Sci. Technol., 41, 8, 2833–2839, DOI: https://doi.org/10.1021/es061773b",116.0,6124,InChI=1S/C2H6N2O/c1-4(2)3-5/h1-2H3,UMFJAHHVKNCGLG-UHFFFAOYSA-N,CN(C)N=O
117,"1-naphthalenol, methylcarbamate",27636-33-5|3197-92-0|63-25-2,70.8333333333333,"Gramatica et al. 2007, Environ. Sci. Technol., 41, 8, 2833–2839, DOI: https://doi.org/10.1021/es061773b",117.0,6129,"InChI=1S/C12H11NO2/c1-13-12(14)15-11-8-4-6-9-5-2-3-7-10(9)11/h2-8H,1H3,(H,13,14)",CVXBEEMKQHEXEN-UHFFFAOYSA-N,CN=C(O)Oc1cccc2ccccc12
118,ethanol,42845-45-4|64-17-5|8000-16-6,7.08333333333333,"Gramatica et al. 2007, Environ. Sci. Technol., 41, 8, 2833–2839, DOI: https://doi.org/10.1021/es061773b",118.0,702,"InChI=1S/C2H6O/c1-2-3/h3H,2H2,1H3",LFQSCWFLJHTTHZ-UHFFFAOYSA-N,CCO
119,formic acid,64-18-6|82069-14-5,22.9166666666667,"Gramatica et al. 2007, Environ. Sci. Technol., 41, 8, 2833–2839, DOI: https://doi.org/10.1021/es061773b",119.0,284,"InChI=1S/CH2O2/c2-1-3/h1H,(H,2,3)",BDAGIHXWWSANSR-UHFFFAOYSA-N,O=CO
120,acetic acid,64-19-7|77671-22-8,22.9166666666667,"Gramatica et al. 2007, Environ. Sci. Technol., 41, 8, 2833–2839, DOI: https://doi.org/10.1021/es061773b",120.0,176,"InChI=1S/C2H4O2/c1-2(3)4/h1H3,(H,3,4)",QTBSBXVTEAMEQO-UHFFFAOYSA-N,CC(=O)O
121,benzoic acid,14322-82-8|65-85-0,22.9166666666667,"Gramatica et al. 2007, Environ. Sci. Technol., 41, 8, 2833–2839, DOI: https://doi.org/10.1021/es061773b",121.0,243,"InChI=1S/C7H6O2/c8-7(9)6-4-2-1-3-5-6/h1-5H,(H,8,9)",WPYMKLBDIGXBTP-UHFFFAOYSA-N,O=C(O)c1ccccc1
122,methanol,170082-17-4|67-56-1,7.08333333333333,"Gramatica et al. 2007, Environ. Sci. Technol., 41, 8, 2833–2839, DOI: https://doi.org/10.1021/es061773b",122.0,887,"InChI=1S/CH4O/c1-2/h2H,1H3",OKKJLVBELUTLKV-UHFFFAOYSA-N,CO
123,2-propanol,1344575-38-7|67-63-0|8003-15-4,7.08333333333333,"Gramatica et al. 2007, Environ. Sci. Technol., 41, 8, 2833–2839, DOI: https://doi.org/10.1021/es061773b",123.0,3776,"InChI=1S/C3H8O/c1-3(2)4/h3-4H,1-2H3",KFZMGEQAYNKOFK-UHFFFAOYSA-N,CC(C)O
124,2-propanone,67-64-1,22.9166666666667,"Gramatica et al. 2007, Environ. Sci. Technol., 41, 8, 2833–2839, DOI: https://doi.org/10.1021/es061773b",124.0,180,InChI=1S/C3H6O/c1-3(2)4/h1-2H3,CSCPPACGZOOCGX-UHFFFAOYSA-N,CC(C)=O
125,"methane, trichloro-",67-66-3,708.333333333333,"Gramatica et al. 2007, Environ. Sci. Technol., 41, 8, 2833–2839, DOI: https://doi.org/10.1021/es061773b",125.0,6212,InChI=1S/CHCl3/c2-1(3)4/h1H,HEDRZPFGACZZDS-UHFFFAOYSA-N,ClC(Cl)Cl
126,"ethane, hexachloro-",67-72-1,708.333333333333,"Gramatica et al. 2007, Environ. Sci. Technol., 41, 8, 2833–2839, DOI: https://doi.org/10.1021/es061773b",126.0,6214,"InChI=1S/C2Cl6/c3-1(4,5)2(6,7)8",VHHHONWQHHHLTI-UHFFFAOYSA-N,ClC(Cl)(Cl)C(Cl)(Cl)Cl
127,"benzoic acid, 2-hydroxy-",29656-58-4|69-72-7|8052-31-1,22.9166666666667,"Gramatica et al. 2007, Environ. Sci. Technol., 41, 8, 2833–2839, DOI: https://doi.org/10.1021/es061773b",127.0,338,"InChI=1S/C7H6O3/c8-6-4-2-1-3-5(6)7(9)10/h1-4,8H,(H,9,10)",YGSDEFSMJLZEOE-UHFFFAOYSA-N,O=C(O)c1ccccc1O
128,1-propanol,142583-61-7|62309-51-7|71-23-8,7.08333333333333,"Gramatica et al. 2007, Environ. Sci. Technol., 41, 8, 2833–2839, DOI: https://doi.org/10.1021/es061773b",128.0,1031,"InChI=1S/C3H8O/c1-2-3-4/h4H,2-3H2,1H3",BDERNNFJNOPAEC-UHFFFAOYSA-N,CCCO
129,1-butanol,1219794-84-9|35296-72-1|6167-45-9|64118-16-7|71-36-3,7.08333333333333,"Gramatica et al. 2007, Environ. Sci. Technol., 41, 8, 2833–2839, DOI: https://doi.org/10.1021/es061773b",129.0,263,"InChI=1S/C4H10O/c1-2-3-4-5/h5H,2-4H2,1H3",LRHPLDYGYMQRHN-UHFFFAOYSA-N,CCCCO
130,1-pentanol,148587-12-6|30899-19-5|71-41-0,7.08333333333333,"Gramatica et al. 2007, Environ. Sci. Technol., 41, 8, 2833–2839, DOI: https://doi.org/10.1021/es061773b",130.0,6276,"InChI=1S/C5H12O/c1-2-3-4-5-6/h6H,2-5H2,1H3",AMQJEAYHLZJPGS-UHFFFAOYSA-N,CCCCCO
131,benzene,25053-22-9|26181-88-4|3355-34-8|54682-86-9|62485-97-6|71-43-2,70.8333333333333,"Gramatica et al. 2007, Environ. Sci. Technol., 41, 8, 2833–2839, DOI: https://doi.org/10.1021/es061773b",131.0,241,InChI=1S/C6H6/c1-2-4-6-5-3-1/h1-6H,UHOVQNZJYSORNB-UHFFFAOYSA-N,c1ccccc1
132,methoxychlor,1644449-82-0|72-43-5,229.166666666667,"Gramatica et al. 2007, Environ. Sci. Technol., 41, 8, 2833–2839, DOI: https://doi.org/10.1021/es061773b",132.0,4115,"InChI=1S/C16H15Cl3O2/c1-20-13-7-3-11(4-8-13)15(16(17,18)19)12-5-9-14(21-2)10-6-12/h3-10,15H,1-2H3",IAKOZHOLGAGEJT-UHFFFAOYSA-N,COc1ccc(C(c2ccc(OC)cc2)C(Cl)(Cl)Cl)cc1
133,"p,p' - DDE",NA,2291.66666666667,"Gramatica et al. 2007, Environ. Sci. Technol., 41, 8, 2833–2839, DOI: https://doi.org/10.1021/es061773b",133.0,NA,NA,NA,NA
134,"methane, bromochloro-",13590-47-1|74-97-5,229.166666666667,"Gramatica et al. 2007, Environ. Sci. Technol., 41, 8, 2833–2839, DOI: https://doi.org/10.1021/es061773b",134.0,6333,InChI=1S/CH2BrCl/c2-1-3/h1H2,JPOXNPPZZKNXOV-UHFFFAOYSA-N,ClCBr
135,"ethene, chloro-",1187028-37-0|75-01-4,229.166666666667,"Gramatica et al. 2007, Environ. Sci. Technol., 41, 8, 2833–2839, DOI: https://doi.org/10.1021/es061773b",135.0,6338,"InChI=1S/C2H3Cl/c1-2-3/h2H,1H2",BZHJMEDXRYGGRV-UHFFFAOYSA-N,C=CCl
136,ethanamine,75-04-7,22.9166666666667,"Gramatica et al. 2007, Environ. Sci. Technol., 41, 8, 2833–2839, DOI: https://doi.org/10.1021/es061773b",136.0,6341,"InChI=1S/C2H7N/c1-2-3/h2-3H2,1H3",QUSNBJAOOMFDIB-UHFFFAOYSA-N,CCN
137,acetaldehyde,75-07-0,7.08333333333333,"Gramatica et al. 2007, Environ. Sci. Technol., 41, 8, 2833–2839, DOI: https://doi.org/10.1021/es061773b",137.0,177,"InChI=1S/C2H4O/c1-2-3/h2H,1H3",IKHGUXGNUITLKF-UHFFFAOYSA-N,CC=O
138,"methane, dichloro-",75-09-2,708.333333333333,"Gramatica et al. 2007, Environ. Sci. Technol., 41, 8, 2833–2839, DOI: https://doi.org/10.1021/es061773b",138.0,6344,InChI=1S/CH2Cl2/c2-1-3/h1H2,YMWUJEATGCHHMB-UHFFFAOYSA-N,ClCCl
139,"methane, bromodichloro-",75-27-4,229.166666666667,"Gramatica et al. 2007, Environ. Sci. Technol., 41, 8, 2833–2839, DOI: https://doi.org/10.1021/es061773b",139.0,6359,InChI=1S/CHBrCl2/c2-1(3)4/h1H,FMWLUWPQPKEARP-UHFFFAOYSA-N,ClC(Cl)Br
140,"2-propanol, 2-methyl-",25-65-0|75-65-0,22.9166666666667,"Gramatica et al. 2007, Environ. Sci. Technol., 41, 8, 2833–2839, DOI: https://doi.org/10.1021/es061773b",140.0,6386,"InChI=1S/C4H10O/c1-4(2,3)5/h5H,1-3H3",DKGAVHZHDRPRBM-UHFFFAOYSA-N,CC(C)(C)O
141,"propanoic acid, 2,2-dichloro-",75-99-0,70.8333333333333,"Gramatica et al. 2007, Environ. Sci. Technol., 41, 8, 2833–2839, DOI: https://doi.org/10.1021/es061773b",141.0,6418,"InChI=1S/C3H4Cl2O2/c1-3(4,5)2(6)7/h1H3,(H,6,7)",NDUPDOJHUQKPAG-UHFFFAOYSA-N,CC(Cl)(Cl)C(=O)O
142,"ethane, pentachloro-",76-01-7,708.333333333333,"Gramatica et al. 2007, Environ. Sci. Technol., 41, 8, 2833–2839, DOI: https://doi.org/10.1021/es061773b",142.0,6419,"InChI=1S/C2HCl5/c3-1(4)2(5,6)7/h1H",BNIXVQGCZULYKV-UHFFFAOYSA-N,ClC(Cl)C(Cl)(Cl)Cl
143,"1-propanol, 2-methyl-",78-83-1,7.08333333333333,"Gramatica et al. 2007, Environ. Sci. Technol., 41, 8, 2833–2839, DOI: https://doi.org/10.1021/es061773b",143.0,6560,"InChI=1S/C4H10O/c1-4(2)3-5/h4-5H,3H2,1-2H3",ZXEKIIBDNHEJCQ-UHFFFAOYSA-N,CC(C)CO
144,"propane, 1,2-dichloro-",78-87-5,708.333333333333,"Gramatica et al. 2007, Environ. Sci. Technol., 41, 8, 2833–2839, DOI: https://doi.org/10.1021/es061773b",144.0,6564,"InChI=1S/C3H6Cl2/c1-3(5)2-4/h3H,2H2,1H3",KNKRKFALVUDBJE-UHFFFAOYSA-N,CC(Cl)CCl
145,2-butanone,78-93-3,22.9166666666667,"Gramatica et al. 2007, Environ. Sci. Technol., 41, 8, 2833–2839, DOI: https://doi.org/10.1021/es061773b",145.0,6569,"InChI=1S/C4H8O/c1-3-4(2)5/h3H2,1-2H3",ZWEHNKRNPOVVGH-UHFFFAOYSA-N,CCC(C)=O
146,"ethene, trichloro-",123919-09-5|79-01-6,229.166666666667,"Gramatica et al. 2007, Environ. Sci. Technol., 41, 8, 2833–2839, DOI: https://doi.org/10.1021/es061773b",146.0,6575,InChI=1S/C2HCl3/c3-1-2(4)5/h1H,XSTXAVWGXDQKEL-UHFFFAOYSA-N,ClC=C(Cl)Cl
147,2-propenoic acid,55927-87-2|79-10-7|9063-87-0,22.9166666666667,"Gramatica et al. 2007, Environ. Sci. Technol., 41, 8, 2833–2839, DOI: https://doi.org/10.1021/es061773b",147.0,6581,"InChI=1S/C3H4O2/c1-2-3(4)5/h2H,1H2,(H,4,5)",NIXOWILDQLNWCW-UHFFFAOYSA-N,C=CC(=O)O
148,"acetic acid, chloro-",79-11-8,70.8333333333333,"Gramatica et al. 2007, Environ. Sci. Technol., 41, 8, 2833–2839, DOI: https://doi.org/10.1021/es061773b",148.0,300,"InChI=1S/C2H3ClO2/c3-1-2(4)5/h1H2,(H,4,5)",FOCAUTSVDIKZOP-UHFFFAOYSA-N,O=C(O)CCl
149,"acetic acid, methyl ester",79-20-9,22.9166666666667,"Gramatica et al. 2007, Environ. Sci. Technol., 41, 8, 2833–2839, DOI: https://doi.org/10.1021/es061773b",149.0,6584,InChI=1S/C3H6O2/c1-3(4)5-2/h1-2H3,KXKVLQRXCPHEJC-UHFFFAOYSA-N,COC(C)=O
150,"ethane, 1,1,2,2-tetrachloro-",79-34-5,708.333333333333,"Gramatica et al. 2007, Environ. Sci. Technol., 41, 8, 2833–2839, DOI: https://doi.org/10.1021/es061773b",150.0,6591,InChI=1S/C2H2Cl4/c3-1(4)2(5)6/h1-2H,QPFMBZIOSGYJDE-UHFFFAOYSA-N,ClC(Cl)C(Cl)Cl
151,"2-propenoic acid, 2-methyl-, methyl ester",114512-63-9|143476-91-9|51391-19-6|80-62-6|9065-11-6|97555-82-3,22.9166666666667,"Gramatica et al. 2007, Environ. Sci. Technol., 41, 8, 2833–2839, DOI: https://doi.org/10.1021/es061773b",151.0,6658,"InChI=1S/C5H8O2/c1-4(2)5(6)7-3/h1H2,2-3H3",VVQNEPGJFQJSBK-UHFFFAOYSA-N,C=C(C)C(=O)OC
152,"1,2-benzenedicarboxylic acid, diethyl ester",84-66-2,70.8333333333333,"Gramatica et al. 2007, Environ. Sci. Technol., 41, 8, 2833–2839, DOI: https://doi.org/10.1021/es061773b",152.0,6781,"InChI=1S/C12H14O4/c1-3-15-11(13)9-7-5-6-8-10(9)12(14)16-4-2/h5-8H,3-4H2,1-2H3",FLKPEMZONWLCSK-UHFFFAOYSA-N,CCOC(=O)c1ccccc1C(=O)OCC
153,"1,2-benzenedicarboxylic acid, dibutyl ester",84-74-2,70.8333333333333,"Gramatica et al. 2007, Environ. Sci. Technol., 41, 8, 2833–2839, DOI: https://doi.org/10.1021/es061773b",153.0,3026,"InChI=1S/C16H22O4/c1-3-5-11-19-15(17)13-9-7-8-10-14(13)16(18)20-12-6-4-2/h7-10H,3-6,11-12H2,1-2H3",DOIRQSBPFJWKBE-UHFFFAOYSA-N,CCCCOC(=O)c1ccccc1C(=O)OCCCC
154,phenanthrene,85-01-8,708.333333333333,"Gramatica et al. 2007, Environ. Sci. Technol., 41, 8, 2833–2839, DOI: https://doi.org/10.1021/es061773b",154.0,995,InChI=1S/C14H10/c1-3-7-13-11(5-1)9-10-12-6-2-4-8-14(12)13/h1-10H,YNPNZTXNASCQKK-UHFFFAOYSA-N,c1ccc2c(c1)ccc1ccccc12
155,"1,2-benzenedicarboxylic acid, butyl phenylmethyl ester",85-68-7,70.8333333333333,"Gramatica et al. 2007, Environ. Sci. Technol., 41, 8, 2833–2839, DOI: https://doi.org/10.1021/es061773b",155.0,2347,"InChI=1S/C19H20O4/c1-2-3-13-22-18(20)16-11-7-8-12-17(16)19(21)23-14-15-9-5-4-6-10-15/h4-12H,2-3,13-14H2,1H3",IRIAEXORFWYRCZ-UHFFFAOYSA-N,CCCCOC(=O)c1ccccc1C(=O)OCc1ccccc1
156,"benzenamine, n-nitroso-n-phenyl-",382165-80-2|86-30-6,229.166666666667,"Gramatica et al. 2007, Environ. Sci. Technol., 41, 8, 2833–2839, DOI: https://doi.org/10.1021/es061773b",156.0,6838,InChI=1S/C12H10N2O/c15-13-14(11-7-3-1-4-8-11)12-9-5-2-6-10-12/h1-10H,UBUCNCOMADRQHX-UHFFFAOYSA-N,O=NN(c1ccccc1)c1ccccc1
157,9h-fluorene,86-73-7,708.333333333333,"Gramatica et al. 2007, Environ. Sci. Technol., 41, 8, 2833–2839, DOI: https://doi.org/10.1021/es061773b",157.0,6853,"InChI=1S/C13H10/c1-3-7-12-10(5-1)9-11-6-2-4-8-13(11)12/h1-8H,9H2",NIHNNTQXNPWCJQ-UHFFFAOYSA-N,c1ccc2c(c1)Cc1ccccc1-2
158,"benzenamine, 2,6-dimethyl-",87-62-7,70.8333333333333,"Gramatica et al. 2007, Environ. Sci. Technol., 41, 8, 2833–2839, DOI: https://doi.org/10.1021/es061773b",158.0,6896,"InChI=1S/C8H11N/c1-6-4-3-5-7(2)8(6)9/h3-5H,9H2,1-2H3",UFFBMTHBGFGIHF-UHFFFAOYSA-N,Cc1cccc(C)c1N
159,"phenol, 2,4,6-trichloro-",88-06-2,229.166666666667,"Gramatica et al. 2007, Environ. Sci. Technol., 41, 8, 2833–2839, DOI: https://doi.org/10.1021/es061773b",159.0,6914,"InChI=1S/C6H3Cl3O/c7-3-1-4(8)6(10)5(9)2-3/h1-2,10H",LINPIYWFGCPVIE-UHFFFAOYSA-N,Oc1c(Cl)cc(Cl)cc1Cl
160,"benzene, 1-methyl-2-nitro-",1321-12-6|88-72-2,229.166666666667,"Gramatica et al. 2007, Environ. Sci. Technol., 41, 8, 2833–2839, DOI: https://doi.org/10.1021/es061773b",160.0,6944,"InChI=1S/C7H7NO2/c1-6-4-2-3-5-7(6)8(9)10/h2-5H,1H3",PLAZTCDQAHEYBI-UHFFFAOYSA-N,Cc1ccccc1[N+](=O)[O-]
161,"phenol, 2-nitro-",25154-55-6|78813-12-4|88-75-5,70.8333333333333,"Gramatica et al. 2007, Environ. Sci. Technol., 41, 8, 2833–2839, DOI: https://doi.org/10.1021/es061773b",161.0,6947,"InChI=1S/C6H5NO3/c8-6-4-2-1-3-5(6)7(9)10/h1-4,8H",IQUPABOKLQSFBK-UHFFFAOYSA-N,O=[N+]([O-])c1ccccc1O
162,"1,2-benzenedicarboxylic acid",254110-94-6|57142-78-6|88-99-3,22.9166666666667,"Gramatica et al. 2007, Environ. Sci. Technol., 41, 8, 2833–2839, DOI: https://doi.org/10.1021/es061773b",162.0,1017,"InChI=1S/C8H6O4/c9-7(10)5-3-1-2-4-6(5)8(11)12/h1-4H,(H,9,10)(H,11,12)",XNGIFLGASWRNHJ-UHFFFAOYSA-N,O=C(O)c1ccccc1C(=O)O
163,"phenol, 2-methoxy-",90-05-1|9009-62-5,22.9166666666667,"Gramatica et al. 2007, Environ. Sci. Technol., 41, 8, 2833–2839, DOI: https://doi.org/10.1021/es061773b",163.0,460,"InChI=1S/C7H8O2/c1-9-7-5-3-2-4-6(7)8/h2-5,8H,1H3",LHGVFZTZFXWLCP-UHFFFAOYSA-N,COc1ccccc1O
164,"naphthalene, 1-methyl-",1321-94-4|90-12-0,229.166666666667,"Gramatica et al. 2007, Environ. Sci. Technol., 41, 8, 2833–2839, DOI: https://doi.org/10.1021/es061773b",164.0,7002,"InChI=1S/C11H10/c1-9-5-4-7-10-6-2-3-8-11(9)10/h2-8H,1H3",QPUYECUOLPXSFR-UHFFFAOYSA-N,Cc1cccc2ccccc12
165,naphthalene,31807-65-5|91-20-3,229.166666666667,"Gramatica et al. 2007, Environ. Sci. Technol., 41, 8, 2833–2839, DOI: https://doi.org/10.1021/es061773b",165.0,931,InChI=1S/C10H8/c1-2-6-10-8-4-3-7-9(10)5-1/h1-8H,UFWIBTONFRDIAS-UHFFFAOYSA-N,c1ccc2ccccc2c1
166,quinoline,15793-82-5|15793-83-6|15793-84-7|15793-85-8|15793-86-9|15793-87-0|31177-31-8|54978-41-5|91-22-5,70.8333333333333,"Gramatica et al. 2007, Environ. Sci. Technol., 41, 8, 2833–2839, DOI: https://doi.org/10.1021/es061773b",166.0,7047,InChI=1S/C9H7N/c1-2-6-9-8(4-1)5-3-7-10-9/h1-7H,SMWDFEZZVXVKRB-UHFFFAOYSA-N,c1ccc2ncccc2c1
167,2-naphthalenamine,612-52-2|91-59-8,70.8333333333333,"Gramatica et al. 2007, Environ. Sci. Technol., 41, 8, 2833–2839, DOI: https://doi.org/10.1021/es061773b",167.0,7057,"InChI=1S/C10H9N/c11-10-6-5-8-3-1-2-4-9(8)7-10/h1-7H,11H2",JBIJLHTVPXGSAM-UHFFFAOYSA-N,Nc1ccc2ccccc2c1
168,"1,1'-biphenyl (PCB 0)",NA,70.8333333333333,"Gramatica et al. 2007, Environ. Sci. Technol., 41, 8, 2833–2839, DOI: https://doi.org/10.1021/es061773b",168.0,NA,NA,NA,NA
169,"1,1'-biphenyl -4,4'-diamine",NA,22.9166666666667,"Gramatica et al. 2007, Environ. Sci. Technol., 41, 8, 2833–2839, DOI: https://doi.org/10.1021/es061773b",169.0,NA,NA,NA,NA
170,"acetic acid, (2,4-dichlorophenoxy)-",64296-19-1|94-75-7,70.8333333333333,"Gramatica et al. 2007, Environ. Sci. Technol., 41, 8, 2833–2839, DOI: https://doi.org/10.1021/es061773b",170.0,1486,"InChI=1S/C8H6Cl2O3/c9-5-1-2-7(6(10)3-5)13-4-8(11)12/h1-3H,4H2,(H,11,12)",OVSKIKFHRZPJSS-UHFFFAOYSA-N,O=C(O)COc1ccc(Cl)cc1Cl
171,"2,4-dichlorophenoxybutyric acid",94-82-6,22.9166666666667,"Gramatica et al. 2007, Environ. Sci. Technol., 41, 8, 2833–2839, DOI: https://doi.org/10.1021/es061773b",171.0,1489,"InChI=1S/C10H10Cl2O3/c11-7-3-4-9(8(12)6-7)15-5-1-2-10(13)14/h3-4,6H,1-2,5H2,(H,13,14)",YIVXMZJTEQBPQO-UHFFFAOYSA-N,O=C(O)CCCOc1ccc(Cl)cc1Cl
172,benzo b thiophene,NA,229.166666666667,"Gramatica et al. 2007, Environ. Sci. Technol., 41, 8, 2833–2839, DOI: https://doi.org/10.1021/es061773b",172.0,NA,NA,NA,NA
173,"benzene, 1,2-dimethyl-",95-47-6,229.166666666667,"Gramatica et al. 2007, Environ. Sci. Technol., 41, 8, 2833–2839, DOI: https://doi.org/10.1021/es061773b",173.0,7237,"InChI=1S/C8H10/c1-7-5-3-4-6-8(7)2/h3-6H,1-2H3",CTQNGGLPUBDAKN-UHFFFAOYSA-N,Cc1ccccc1C
174,"phenol, 2-methyl-",95-48-7,7.08333333333333,"Gramatica et al. 2007, Environ. Sci. Technol., 41, 8, 2833–2839, DOI: https://doi.org/10.1021/es061773b",174.0,335,"InChI=1S/C7H8O/c1-6-4-2-3-5-7(6)8/h2-5,8H,1H3",QWVGKYWNOKOFNN-UHFFFAOYSA-N,Cc1ccccc1O
175,"benzene, 1,2-dichloro-",95-50-1,708.333333333333,"Gramatica et al. 2007, Environ. Sci. Technol., 41, 8, 2833–2839, DOI: https://doi.org/10.1021/es061773b",175.0,7239,InChI=1S/C6H4Cl2/c7-5-3-1-2-4-6(5)8/h1-4H,RFFLAFLAYFXFSW-UHFFFAOYSA-N,Clc1ccccc1Cl
176,"benzenamine, 2-chloro-",27134-26-5|95-51-2,70.8333333333333,"Gramatica et al. 2007, Environ. Sci. Technol., 41, 8, 2833–2839, DOI: https://doi.org/10.1021/es061773b",176.0,7240,"InChI=1S/C6H6ClN/c7-5-3-1-2-4-6(5)8/h1-4H,8H2",AKCRQHGQIJBRMN-UHFFFAOYSA-N,Nc1ccccc1Cl
177,"benzenamine, 2-methyl-",121536-13-8|68408-22-0|95-53-4,7.08333333333333,"Gramatica et al. 2007, Environ. Sci. Technol., 41, 8, 2833–2839, DOI: https://doi.org/10.1021/es061773b",177.0,7242,"InChI=1S/C7H9N/c1-6-4-2-3-5-7(6)8/h2-5H,8H2,1H3",RNVCVTLRINQCPJ-UHFFFAOYSA-N,Cc1ccccc1N
178,"benzene, 1,2,4-trimethyl-",95-36-3|95-63-6,229.166666666667,"Gramatica et al. 2007, Environ. Sci. Technol., 41, 8, 2833–2839, DOI: https://doi.org/10.1021/es061773b",178.0,7247,"InChI=1S/C9H12/c1-7-4-5-8(2)9(3)6-7/h4-6H,1-3H3",GWHJZXXIDMPWGX-UHFFFAOYSA-N,Cc1ccc(C)c(C)c1
179,"benzene, 1,2,4,5-tetramethyl-",15220-27-6|95-93-2,229.166666666667,"Gramatica et al. 2007, Environ. Sci. Technol., 41, 8, 2833–2839, DOI: https://doi.org/10.1021/es061773b",179.0,7269,"InChI=1S/C10H14/c1-7-5-9(3)10(4)6-8(7)2/h5-6H,1-4H3",SQNZJJAZBFDUTD-UHFFFAOYSA-N,Cc1cc(C)c(C)cc1C
180,"benzene, 1,2,4,5-tetrachloro-",12408-10-5|63697-22-3|95-94-3,708.333333333333,"Gramatica et al. 2007, Environ. Sci. Technol., 41, 8, 2833–2839, DOI: https://doi.org/10.1021/es061773b",180.0,7270,InChI=1S/C6H2Cl4/c7-3-1-4(8)6(10)2-5(3)9/h1-2H,JHBKHLUZVFWLAG-UHFFFAOYSA-N,Clc1cc(Cl)c(Cl)cc1Cl
181,"phenol, 2,4,5-trichloro-",95-95-4,22.9166666666667,"Gramatica et al. 2007, Environ. Sci. Technol., 41, 8, 2833–2839, DOI: https://doi.org/10.1021/es061773b",181.0,7271,"InChI=1S/C6H3Cl3O/c7-3-1-5(9)6(10)2-4(3)8/h1-2,10H",LHJGJYXLEPZJPM-UHFFFAOYSA-N,Oc1cc(Cl)c(Cl)cc1Cl
182,"oxirane, phenyl-",192506-02-8|25189-69-9|96-09-3,70.8333333333333,"Gramatica et al. 2007, Environ. Sci. Technol., 41, 8, 2833–2839, DOI: https://doi.org/10.1021/es061773b",182.0,7276,"InChI=1S/C8H8O/c1-2-4-7(5-3-1)8-6-9-8/h1-5,8H,6H2",AWMVMTVKBNGEAK-UHFFFAOYSA-N,c1ccc(C2CO2)cc1
183,"propane, 1,2,3-trichloro-",96-18-4,708.333333333333,"Gramatica et al. 2007, Environ. Sci. Technol., 41, 8, 2833–2839, DOI: https://doi.org/10.1021/es061773b",183.0,7285,"InChI=1S/C3H5Cl3/c4-1-3(6)2-5/h3H,1-2H2",CFXQEHVMCRXUSD-UHFFFAOYSA-N,ClCC(Cl)CCl
184,3-pentanone,96-22-0,22.9166666666667,"Gramatica et al. 2007, Environ. Sci. Technol., 41, 8, 2833–2839, DOI: https://doi.org/10.1021/es061773b",184.0,7288,"InChI=1S/C5H10O/c1-3-5(6)4-2/h3-4H2,1-2H3",FDPIMTJIUBPUKL-UHFFFAOYSA-N,CCC(=O)CC
185,"benzene, (1-methylethyl)-",101316-43-2|98-82-8,229.166666666667,"Gramatica et al. 2007, Environ. Sci. Technol., 41, 8, 2833–2839, DOI: https://doi.org/10.1021/es061773b",185.0,7406,"InChI=1S/C9H12/c1-8(2)9-6-4-3-5-7-9/h3-8H,1-2H3",RWGFKTVRMDUZSP-UHFFFAOYSA-N,CC(C)c1ccccc1
186,"ethanone, 1-phenyl-",98-86-2,22.9166666666667,"Gramatica et al. 2007, Environ. Sci. Technol., 41, 8, 2833–2839, DOI: https://doi.org/10.1021/es061773b",186.0,7410,"InChI=1S/C8H8O/c1-7(9)8-5-3-2-4-6-8/h2-6H,1H3",KWOLFJPFCHCOCG-UHFFFAOYSA-N,CC(=O)c1ccccc1
187,"benzene, nitro-",98-95-3,229.166666666667,"Gramatica et al. 2007, Environ. Sci. Technol., 41, 8, 2833–2839, DOI: https://doi.org/10.1021/es061773b",187.0,7416,InChI=1S/C6H5NO2/c8-7(9)6-4-2-1-3-5-6/h1-5H,LQNUZADURLCDLV-UHFFFAOYSA-N,O=[N+]([O-])c1ccccc1
188,"benzene, 1-methyl-4-nitro-",99-99-0,229.166666666667,"Gramatica et al. 2007, Environ. Sci. Technol., 41, 8, 2833–2839, DOI: https://doi.org/10.1021/es061773b",188.0,7473,"InChI=1S/C7H7NO2/c1-6-2-4-7(5-3-6)8(9)10/h2-5H,1H3",ZPTVNYMJQHSSEA-UHFFFAOYSA-N,Cc1ccc([N+](=O)[O-])cc1
189,"phenol, 4-nitro-",100-02-7,70.8333333333333,"Gramatica et al. 2007, Environ. Sci. Technol., 41, 8, 2833–2839, DOI: https://doi.org/10.1021/es061773b",189.0,980,"InChI=1S/C6H5NO3/c8-6-3-1-5(2-4-6)7(9)10/h1-4,8H",BTJIUGUIPKRLHP-UHFFFAOYSA-N,O=[N+]([O-])c1ccc(O)cc1
190,"benzene, ethyl-",100-41-4|20302-26-5,229.166666666667,"Gramatica et al. 2007, Environ. Sci. Technol., 41, 8, 2833–2839, DOI: https://doi.org/10.1021/es061773b",190.0,7500,"InChI=1S/C8H10/c1-2-8-6-4-3-5-7-8/h3-7H,2H2,1H3",YNQLUTRBYVCPMQ-UHFFFAOYSA-N,CCc1ccccc1
191,"benzene, ethenyl-",100-42-5|12770-88-6|25086-18-4|6911-81-5|98444-30-5,70.8333333333333,"Gramatica et al. 2007, Environ. Sci. Technol., 41, 8, 2833–2839, DOI: https://doi.org/10.1021/es061773b",191.0,7501,"InChI=1S/C8H8/c1-2-8-6-4-3-5-7-8/h2-7H,1H2",PPBRXRYQALVLMV-UHFFFAOYSA-N,C=Cc1ccccc1
192,benzenemethanol,100-51-6|185532-71-2|66072-40-0,7.08333333333333,"Gramatica et al. 2007, Environ. Sci. Technol., 41, 8, 2833–2839, DOI: https://doi.org/10.1021/es061773b",192.0,244,"InChI=1S/C7H8O/c8-6-7-4-2-1-3-5-7/h1-5,8H,6H2",WVDDGKGOMKODPV-UHFFFAOYSA-N,OCc1ccccc1
193,"benzene, methoxy-",100-66-3,70.8333333333333,"Gramatica et al. 2007, Environ. Sci. Technol., 41, 8, 2833–2839, DOI: https://doi.org/10.1021/es061773b",193.0,7519,"InChI=1S/C7H8O/c1-8-7-5-3-2-4-6-7/h2-6H,1H3",RDOXTESZEPMUJZ-UHFFFAOYSA-N,COc1ccccc1
194,"benzene, 1,1'-oxybis-",101-84-8|32576-61-7,70.8333333333333,"Gramatica et al. 2007, Environ. Sci. Technol., 41, 8, 2833–2839, DOI: https://doi.org/10.1021/es061773b",194.0,7583,InChI=1S/C12H10O/c1-3-7-11(8-4-1)13-12-9-5-2-6-10-12/h1-10H,USIUVYZYUHIAEV-UHFFFAOYSA-N,c1ccc(Oc2ccccc2)cc1
195,"benzene, propyl-",103-65-1,229.166666666667,"Gramatica et al. 2007, Environ. Sci. Technol., 41, 8, 2833–2839, DOI: https://doi.org/10.1021/es061773b",195.0,7668,"InChI=1S/C9H12/c1-2-6-9-7-4-3-5-8-9/h3-5,7-8H,2,6H2,1H3",ODLMAHJVESYWTB-UHFFFAOYSA-N,CCCc1ccccc1
196,benzeneacetic acid,103-82-2|17303-65-0|51146-16-8,22.9166666666667,"Gramatica et al. 2007, Environ. Sci. Technol., 41, 8, 2833–2839, DOI: https://doi.org/10.1021/es061773b",196.0,999,"InChI=1S/C8H8O2/c9-8(10)6-7-4-2-1-3-5-7/h1-5H,6H2,(H,9,10)",WLJVXDMOQOGPHL-UHFFFAOYSA-N,O=C(O)Cc1ccccc1
197,"phenol, 2,4-dimethyl-",105-67-9,22.9166666666667,"Gramatica et al. 2007, Environ. Sci. Technol., 41, 8, 2833–2839, DOI: https://doi.org/10.1021/es061773b",197.0,7771,"InChI=1S/C8H10O/c1-6-3-4-8(9)7(2)5-6/h3-5,9H,1-2H3",KUFFULVDNCHOFZ-UHFFFAOYSA-N,Cc1ccc(O)c(C)c1
198,"benzene, 1,4-dimethyl-",106-42-3|136777-61-2,229.166666666667,"Gramatica et al. 2007, Environ. Sci. Technol., 41, 8, 2833–2839, DOI: https://doi.org/10.1021/es061773b",198.0,7809,"InChI=1S/C8H10/c1-7-3-5-8(2)6-4-7/h3-6H,1-2H3",URLKBWYHVLBVBO-UHFFFAOYSA-N,Cc1ccc(C)cc1
199,"benzene, 1,4-dichloro-",106-46-7|55232-43-4,708.333333333333,"Gramatica et al. 2007, Environ. Sci. Technol., 41, 8, 2833–2839, DOI: https://doi.org/10.1021/es061773b",199.0,4685,InChI=1S/C6H4Cl2/c7-5-1-2-6(8)4-3-5/h1-4H,OCJBOOLMMGQPQU-UHFFFAOYSA-N,Clc1ccc(Cl)cc1
200,"benzenamine, 4-chloro-",106-47-8,22.9166666666667,"Gramatica et al. 2007, Environ. Sci. Technol., 41, 8, 2833–2839, DOI: https://doi.org/10.1021/es061773b",200.0,7812,"InChI=1S/C6H6ClN/c7-5-1-3-6(8)4-2-5/h1-4H,8H2",QSNSCYSYFYORTR-UHFFFAOYSA-N,Nc1ccc(Cl)cc1
201,"1,3-butadiene",106-99-0|130983-70-9|1983-06-8|25339-57-5|26952-74-9,70.8333333333333,"Gramatica et al. 2007, Environ. Sci. Technol., 41, 8, 2833–2839, DOI: https://doi.org/10.1021/es061773b",201.0,7845,"InChI=1S/C4H6/c1-3-4-2/h3-4H,1-2H2",KAKZBPTYRLMSJV-UHFFFAOYSA-N,C=CC=C
202,2-propenal,107-02-8|81788-96-7,7.08333333333333,"Gramatica et al. 2007, Environ. Sci. Technol., 41, 8, 2833–2839, DOI: https://doi.org/10.1021/es061773b",202.0,7847,"InChI=1S/C3H4O/c1-2-3-4/h2-3H,1H2",HGINCPLSRVDWNT-UHFFFAOYSA-N,C=CC=O
203,"ethane, 1,2-dichloro-",107-06-2|25323-30-2|52399-93-6,708.333333333333,"Gramatica et al. 2007, Environ. Sci. Technol., 41, 8, 2833–2839, DOI: https://doi.org/10.1021/es061773b",203.0,11,InChI=1S/C2H4Cl2/c3-1-2-4/h1-2H2,WSLDOOZREJYCGB-UHFFFAOYSA-N,ClCCCl
204,propanenitrile,107-12-0,70.8333333333333,"Gramatica et al. 2007, Environ. Sci. Technol., 41, 8, 2833–2839, DOI: https://doi.org/10.1021/es061773b",204.0,7854,"InChI=1S/C3H5N/c1-2-3-4/h2H2,1H3",FVSKHRXBFJPNKK-UHFFFAOYSA-N,CCC#N
205,2-propenenitrile,107-13-1|63908-52-1,22.9166666666667,"Gramatica et al. 2007, Environ. Sci. Technol., 41, 8, 2833–2839, DOI: https://doi.org/10.1021/es061773b",205.0,7855,"InChI=1S/C3H3N/c1-2-3-4/h2H,1H2",NLHHRLWOUZZQLW-UHFFFAOYSA-N,C=CC#N
206,2-propen-1-ol,107-18-6,7.08333333333333,"Gramatica et al. 2007, Environ. Sci. Technol., 41, 8, 2833–2839, DOI: https://doi.org/10.1021/es061773b",206.0,7858,"InChI=1S/C3H6O/c1-2-3-4/h2,4H,1,3H2",XXROGKLTLUQVRX-UHFFFAOYSA-N,C=CCO
207,"1,2-ethanediol",107-21-1,7.08333333333333,"Gramatica et al. 2007, Environ. Sci. Technol., 41, 8, 2833–2839, DOI: https://doi.org/10.1021/es061773b",207.0,174,"InChI=1S/C2H6O2/c3-1-2-4/h3-4H,1-2H2",LYCAIKOWRPUZTN-UHFFFAOYSA-N,OCCO
208,"methane, chloromethoxy-",107-30-2,70.8333333333333,"Gramatica et al. 2007, Environ. Sci. Technol., 41, 8, 2833–2839, DOI: https://doi.org/10.1021/es061773b",208.0,7864,"InChI=1S/C2H5ClO/c1-4-2-3/h2H2,1H3",XJUZRXYOEPSWMB-UHFFFAOYSA-N,COCCl
209,"formic acid, methyl ester",107-31-3,22.9166666666667,"Gramatica et al. 2007, Environ. Sci. Technol., 41, 8, 2833–2839, DOI: https://doi.org/10.1021/es061773b",209.0,7865,"InChI=1S/C2H4O2/c1-4-2-3/h2H,1H3",TZIHFWKZFHZASV-UHFFFAOYSA-N,COC=O
210,2-pentanone,107-87-9,22.9166666666667,"Gramatica et al. 2007, Environ. Sci. Technol., 41, 8, 2833–2839, DOI: https://doi.org/10.1021/es061773b",210.0,7895,"InChI=1S/C5H10O/c1-3-4-5(2)6/h3-4H2,1-2H3",XNLICIUVMPYHGG-UHFFFAOYSA-N,CCCC(C)=O
211,butanoic acid,107-92-6,22.9166666666667,"Gramatica et al. 2007, Environ. Sci. Technol., 41, 8, 2833–2839, DOI: https://doi.org/10.1021/es061773b",211.0,264,"InChI=1S/C4H8O2/c1-2-3-4(5)6/h2-3H2,1H3,(H,5,6)",FERIUCNNQQJTOY-UHFFFAOYSA-N,CCCC(=O)O
212,acetic acid ethenyl ester,108-05-4|93196-02-2,22.9166666666667,"Gramatica et al. 2007, Environ. Sci. Technol., 41, 8, 2833–2839, DOI: https://doi.org/10.1021/es061773b",212.0,7904,"InChI=1S/C4H6O2/c1-3-6-4(2)5/h3H,1H2,2H3",XTXRWKRVRITETP-UHFFFAOYSA-N,C=COC(C)=O
213,"2-pentanone, 4-methyl-",108-10-1,22.9166666666667,"Gramatica et al. 2007, Environ. Sci. Technol., 41, 8, 2833–2839, DOI: https://doi.org/10.1021/es061773b",213.0,7909,"InChI=1S/C6H12O/c1-5(2)4-6(3)7/h5H,4H2,1-3H3",NTIZESTWPVYFNL-UHFFFAOYSA-N,CC(=O)CC(C)C
214,"benzene, 1,3-dimethyl-",108-38-3,229.166666666667,"Gramatica et al. 2007, Environ. Sci. Technol., 41, 8, 2833–2839, DOI: https://doi.org/10.1021/es061773b",214.0,7929,"InChI=1S/C8H10/c1-7-4-3-5-8(2)6-7/h3-6H,1-2H3",IVSZLXZYQVIEFR-UHFFFAOYSA-N,Cc1cccc(C)c1
215,"propane, 2,2'-oxybis 1-chloro-",NA,70.8333333333333,"Gramatica et al. 2007, Environ. Sci. Technol., 41, 8, 2833–2839, DOI: https://doi.org/10.1021/es061773b",215.0,NA,NA,NA,NA
216,"benzene, 1,3,5-trimethyl-",108-67-8|19121-63-2,229.166666666667,"Gramatica et al. 2007, Environ. Sci. Technol., 41, 8, 2833–2839, DOI: https://doi.org/10.1021/es061773b",216.0,7947,"InChI=1S/C9H12/c1-7-4-8(2)6-9(3)5-7/h4-6H,1-3H3",AUHZEENZYGFFBQ-UHFFFAOYSA-N,Cc1cc(C)cc(C)c1
217,"benzene, 1,3,5-trichloro-",108-70-3|63697-19-8,708.333333333333,"Gramatica et al. 2007, Environ. Sci. Technol., 41, 8, 2833–2839, DOI: https://doi.org/10.1021/es061773b",217.0,7950,InChI=1S/C6H3Cl3/c7-4-1-5(8)3-6(9)2-4/h1-3H,XKEFYDZQGKAQCN-UHFFFAOYSA-N,Clc1cc(Cl)cc(Cl)c1
218,"benzene, bromo-",108-86-1|52753-63-6,708.333333333333,"Gramatica et al. 2007, Environ. Sci. Technol., 41, 8, 2833–2839, DOI: https://doi.org/10.1021/es061773b",218.0,7961,InChI=1S/C6H5Br/c7-6-4-2-1-3-5-6/h1-5H,QARVLSVVCXYDNA-UHFFFAOYSA-N,Brc1ccccc1
219,"cyclohexane, methyl-",108-87-2,70.8333333333333,"Gramatica et al. 2007, Environ. Sci. Technol., 41, 8, 2833–2839, DOI: https://doi.org/10.1021/es061773b",219.0,7962,"InChI=1S/C7H14/c1-7-5-3-2-4-6-7/h7H,2-6H2,1H3",UAEPNZWRGJTJPN-UHFFFAOYSA-N,CC1CCCCC1
220,"benzene, methyl-",108-88-3|25013-04-1,229.166666666667,"Gramatica et al. 2007, Environ. Sci. Technol., 41, 8, 2833–2839, DOI: https://doi.org/10.1021/es061773b",220.0,1140,"InChI=1S/C7H8/c1-7-5-3-2-4-6-7/h2-6H,1H3",YXFVVABEGXRONW-UHFFFAOYSA-N,Cc1ccccc1
221,"pyridine, 4-methyl-",108-89-4|69046-49-7|92075-35-9,229.166666666667,"Gramatica et al. 2007, Environ. Sci. Technol., 41, 8, 2833–2839, DOI: https://doi.org/10.1021/es061773b",221.0,7963,"InChI=1S/C6H7N/c1-6-2-4-7-5-3-6/h2-5H,1H3",FKNQCJSGGFJEIZ-UHFFFAOYSA-N,Cc1ccncc1
222,"benzene, chloro-",108-90-7|50717-45-8,708.333333333333,"Gramatica et al. 2007, Environ. Sci. Technol., 41, 8, 2833–2839, DOI: https://doi.org/10.1021/es061773b",222.0,7964,InChI=1S/C6H5Cl/c7-6-4-2-1-3-5-6/h1-5H,MVPPADPHJFYWMZ-UHFFFAOYSA-N,Clc1ccccc1
223,cyclohexanamine,108-91-8|157973-60-9,7.08333333333333,"Gramatica et al. 2007, Environ. Sci. Technol., 41, 8, 2833–2839, DOI: https://doi.org/10.1021/es061773b",223.0,7965,"InChI=1S/C6H13N/c7-6-4-2-1-3-5-6/h6H,1-5,7H2",PAFZNILMFXTMIY-UHFFFAOYSA-N,NC1CCCCC1
224,cyclohexanol,108-93-0,7.08333333333333,"Gramatica et al. 2007, Environ. Sci. Technol., 41, 8, 2833–2839, DOI: https://doi.org/10.1021/es061773b",224.0,7966,"InChI=1S/C6H12O/c7-6-4-2-1-3-5-6/h6-7H,1-5H2",HPXRVTGHNJAIIH-UHFFFAOYSA-N,OC1CCCCC1
225,cyclohexanone,108-94-1|9075-99-4,22.9166666666667,"Gramatica et al. 2007, Environ. Sci. Technol., 41, 8, 2833–2839, DOI: https://doi.org/10.1021/es061773b",225.0,7967,InChI=1S/C6H10O/c7-6-4-2-1-3-5-6/h1-5H2,JHIVVAPYMSGYDF-UHFFFAOYSA-N,O=C1CCCCC1
226,phenol,108-95-2|17442-59-0|27073-41-2|63496-48-0|73607-76-8,22.9166666666667,"Gramatica et al. 2007, Environ. Sci. Technol., 41, 8, 2833–2839, DOI: https://doi.org/10.1021/es061773b",226.0,996,"InChI=1S/C6H6O/c7-6-4-2-1-3-5-6/h1-5,7H",ISWSIDIOOBJBQZ-UHFFFAOYSA-N,Oc1ccccc1
227,"pyridine, 3-methyl-",108-99-6,229.166666666667,"Gramatica et al. 2007, Environ. Sci. Technol., 41, 8, 2833–2839, DOI: https://doi.org/10.1021/es061773b",227.0,7970,"InChI=1S/C6H7N/c1-6-3-2-4-7-5-6/h2-5H,1H3",ITQTTZVARXURQS-UHFFFAOYSA-N,Cc1cccnc1
228,"acetic acid, propyl ester",109-60-4,22.9166666666667,"Gramatica et al. 2007, Environ. Sci. Technol., 41, 8, 2833–2839, DOI: https://doi.org/10.1021/es061773b",228.0,7997,"InChI=1S/C5H10O2/c1-3-4-7-5(2)6/h3-4H2,1-2H3",YKYONYBAUNKHLG-UHFFFAOYSA-N,CCCOC(C)=O
229,pentane,102056-77-9|107949-95-1|109-66-0,229.166666666667,"Gramatica et al. 2007, Environ. Sci. Technol., 41, 8, 2833–2839, DOI: https://doi.org/10.1021/es061773b",229.0,8003,"InChI=1S/C5H12/c1-3-5-4-2/h3-5H2,1-2H3",OFBQJSOFQDEBGM-UHFFFAOYSA-N,CCCCC
230,1-pentene,109-67-1|25587-78-4,70.8333333333333,"Gramatica et al. 2007, Environ. Sci. Technol., 41, 8, 2833–2839, DOI: https://doi.org/10.1021/es061773b",230.0,8004,"InChI=1S/C5H10/c1-3-5-4-2/h3H,1,4-5H2,2H3",YWAKXRMUMFPDSH-UHFFFAOYSA-N,C=CCCC
231,1-butanamine,109-73-9,7.08333333333333,"Gramatica et al. 2007, Environ. Sci. Technol., 41, 8, 2833–2839, DOI: https://doi.org/10.1021/es061773b",231.0,8007,"InChI=1S/C4H11N/c1-2-3-4-5/h2-5H2,1H3",HQABUPZFAYXKJW-UHFFFAOYSA-N,CCCCN
232,"formic acid, ethyl ester",109-94-4,22.9166666666667,"Gramatica et al. 2007, Environ. Sci. Technol., 41, 8, 2833–2839, DOI: https://doi.org/10.1021/es061773b",232.0,8025,"InChI=1S/C3H6O2/c1-2-5-3-4/h3H,2H2,1H3",WBJINCZRORDGAQ-UHFFFAOYSA-N,CCOC=O
233,"furan, tetrahydro-",109-99-9|24979-97-3,70.8333333333333,"Gramatica et al. 2007, Environ. Sci. Technol., 41, 8, 2833–2839, DOI: https://doi.org/10.1021/es061773b",233.0,8028,InChI=1S/C4H8O/c1-2-4-5-3-1/h1-4H2,WYURNTSHIVDZCO-UHFFFAOYSA-N,C1CCOC1
234,furan,110-00-9|25067-54-3,70.8333333333333,"Gramatica et al. 2007, Environ. Sci. Technol., 41, 8, 2833–2839, DOI: https://doi.org/10.1021/es061773b",234.0,8029,InChI=1S/C4H4O/c1-2-4-5-3-1/h1-4H,YLQBMQCUIZJEEH-UHFFFAOYSA-N,c1ccoc1
235,thiophene,107760-19-0|110-02-1|25233-34-5|51325-05-4,229.166666666667,"Gramatica et al. 2007, Environ. Sci. Technol., 41, 8, 2833–2839, DOI: https://doi.org/10.1021/es061773b",235.0,8030,InChI=1S/C4H4S/c1-2-4-5-3-1/h1-4H,YTPLMLYBLZKORZ-UHFFFAOYSA-N,c1ccsc1
236,2-heptanone,110-43-0,22.9166666666667,"Gramatica et al. 2007, Environ. Sci. Technol., 41, 8, 2833–2839, DOI: https://doi.org/10.1021/es061773b",236.0,8051,"InChI=1S/C7H14O/c1-3-4-5-6-7(2)8/h3-6H2,1-2H3",CATSNJVOTSVZJV-UHFFFAOYSA-N,CCCCCC(C)=O
237,hexane,110-54-3|478799-92-7|50981-41-4|92112-69-1,229.166666666667,"Gramatica et al. 2007, Environ. Sci. Technol., 41, 8, 2833–2839, DOI: https://doi.org/10.1021/es061773b",237.0,8058,"InChI=1S/C6H14/c1-3-5-6-4-2/h3-6H2,1-2H3",VLKZOEOYAKHREP-UHFFFAOYSA-N,CCCCCC
238,"ethene, (2-chloroethoxy)-",110-75-8|29160-08-5,70.8333333333333,"Gramatica et al. 2007, Environ. Sci. Technol., 41, 8, 2833–2839, DOI: https://doi.org/10.1021/es061773b",238.0,8074,"InChI=1S/C4H7ClO/c1-2-6-4-3-5/h2H,1,3-4H2",DNJRKFKAFWSXSE-UHFFFAOYSA-N,C=COCCCl
239,cyclohexane,110-82-7|12217-02-6,70.8333333333333,"Gramatica et al. 2007, Environ. Sci. Technol., 41, 8, 2833–2839, DOI: https://doi.org/10.1021/es061773b",239.0,8078,InChI=1S/C6H12/c1-2-4-6-5-3-1/h1-6H2,XDTMQSROBMDMFD-UHFFFAOYSA-N,C1CCCCC1
240,cyclohexene,110-83-8|25012-94-6,70.8333333333333,"Gramatica et al. 2007, Environ. Sci. Technol., 41, 8, 2833–2839, DOI: https://doi.org/10.1021/es061773b",240.0,8079,"InChI=1S/C6H10/c1-2-4-6-5-3-1/h1-2H,3-6H2",HGCIXCUEYOPUTN-UHFFFAOYSA-N,C1=CCCCC1
241,pyridine,110-86-1|29761-81-7,229.166666666667,"Gramatica et al. 2007, Environ. Sci. Technol., 41, 8, 2833–2839, DOI: https://doi.org/10.1021/es061773b",241.0,1049,InChI=1S/C5H5N/c1-2-4-6-5-3-1/h1-5H,JUJWROOIHBZHMG-UHFFFAOYSA-N,c1ccncc1
242,1-hexanol,111-27-3|25917-35-5,7.08333333333333,"Gramatica et al. 2007, Environ. Sci. Technol., 41, 8, 2833–2839, DOI: https://doi.org/10.1021/es061773b",242.0,8103,"InChI=1S/C6H14O/c1-2-3-4-5-6-7/h7H,2-6H2,1H3",ZSIAUFGUXNUGDI-UHFFFAOYSA-N,CCCCCCO
243,"ethanol, 2,2'-iminobis-",111-42-2,22.9166666666667,"Gramatica et al. 2007, Environ. Sci. Technol., 41, 8, 2833–2839, DOI: https://doi.org/10.1021/es061773b",243.0,8113,"InChI=1S/C4H11NO2/c6-3-1-5-2-4-7/h5-7H,1-4H2",ZBCBWPMODOFKDW-UHFFFAOYSA-N,OCCNCCO
244,"propane, 1,1'-oxybis-",111-43-3,70.8333333333333,"Gramatica et al. 2007, Environ. Sci. Technol., 41, 8, 2833–2839, DOI: https://doi.org/10.1021/es061773b",244.0,8114,"InChI=1S/C6H14O/c1-3-5-7-6-4-2/h3-6H2,1-2H3",POLCUAVZOMRGSN-UHFFFAOYSA-N,CCCOCCC
245,"ethane, 1,1'-oxybis 2-chloro-",NA,70.8333333333333,"Gramatica et al. 2007, Environ. Sci. Technol., 41, 8, 2833–2839, DOI: https://doi.org/10.1021/es061773b",245.0,NA,NA,NA,NA
246,octane,111-65-9|31372-91-5|9065-92-3,229.166666666667,"Gramatica et al. 2007, Environ. Sci. Technol., 41, 8, 2833–2839, DOI: https://doi.org/10.1021/es061773b",246.0,356,"InChI=1S/C8H18/c1-3-5-7-8-6-4-2/h3-8H2,1-2H3",TVMXDCGIABBOFY-UHFFFAOYSA-N,CCCCCCCC
247,1-octene,111-66-0|26746-84-9,70.8333333333333,"Gramatica et al. 2007, Environ. Sci. Technol., 41, 8, 2833–2839, DOI: https://doi.org/10.1021/es061773b",247.0,8125,"InChI=1S/C8H16/c1-3-5-7-8-6-4-2/h3H,1,4-8H2,2H3",KWKAKUADMBZCLK-UHFFFAOYSA-N,C=CCCCCCC
248,1-octanol,111-87-5|220713-26-8|29063-28-3,7.08333333333333,"Gramatica et al. 2007, Environ. Sci. Technol., 41, 8, 2833–2839, DOI: https://doi.org/10.1021/es061773b",248.0,957,"InChI=1S/C8H18O/c1-2-3-4-5-6-7-8-9/h9H,2-8H2,1H3",KBPLFHHGFOOTCA-UHFFFAOYSA-N,CCCCCCCCO
249,"ethane, 1,1'- methylenebis(oxy) bis 2-chloro-",NA,70.8333333333333,"Gramatica et al. 2007, Environ. Sci. Technol., 41, 8, 2833–2839, DOI: https://doi.org/10.1021/es061773b",249.0,NA,NA,NA,NA
250,dodecane,112-40-3|93685-81-5,229.166666666667,"Gramatica et al. 2007, Environ. Sci. Technol., 41, 8, 2833–2839, DOI: https://doi.org/10.1021/es061773b",250.0,8182,"InChI=1S/C12H26/c1-3-5-7-9-11-12-10-8-6-4-2/h3-12H2,1-2H3",SNRUBQQJIBEYMU-UHFFFAOYSA-N,CCCCCCCCCCCC
251,propoxur,114-26-1,70.8333333333333,"Gramatica et al. 2007, Environ. Sci. Technol., 41, 8, 2833–2839, DOI: https://doi.org/10.1021/es061773b",251.0,4944,"InChI=1S/C11H15NO3/c1-8(2)14-9-6-4-5-7-10(9)15-11(13)12-3/h4-8H,1-3H3,(H,12,13)",ISRUGXGCCGIOQO-UHFFFAOYSA-N,CN=C(O)Oc1ccccc1OC(C)C
252,"methane, oxybis-",115-10-6|157621-61-9,70.8333333333333,"Gramatica et al. 2007, Environ. Sci. Technol., 41, 8, 2833–2839, DOI: https://doi.org/10.1021/es061773b",252.0,8254,InChI=1S/C2H6O/c1-3-2/h1-2H3,LCGLNKUTAGEVQW-UHFFFAOYSA-N,COC
253,aldicarb,116-06-3,708.333333333333,"Gramatica et al. 2007, Environ. Sci. Technol., 41, 8, 2833–2839, DOI: https://doi.org/10.1021/es061773b",253.0,2086,"InChI=1S/C7H14N2O2S/c1-7(2,12-4)5-9-11-6(10)8-3/h5H,1-4H3,(H,8,10)",QGLZXHRNAYXIBU-UHFFFAOYSA-N,CN=C(O)ON=CC(C)(C)SC
254,HCB,118-74-1,2291.66666666667,"Gramatica et al. 2007, Environ. Sci. Technol., 41, 8, 2833–2839, DOI: https://doi.org/10.1021/es061773b",254.0,8370,InChI=1S/C6Cl6/c7-1-2(8)4(10)6(12)5(11)3(1)9,CKAPSXZOOQJIBF-UHFFFAOYSA-N,Clc1c(Cl)c(Cl)c(Cl)c(Cl)c1Cl
255,"benzoic acid, 2-methyl-",118-90-1|25567-10-6|442197-98-0,22.9166666666667,"Gramatica et al. 2007, Environ. Sci. Technol., 41, 8, 2833–2839, DOI: https://doi.org/10.1021/es061773b",255.0,8373,"InChI=1S/C8H8O2/c1-6-4-2-3-5-7(6)8(9)10/h2-5H,1H3,(H,9,10)",ZWLPBLYKEWSWPD-UHFFFAOYSA-N,Cc1ccccc1C(=O)O
256,"benzoic acid, 2-chloro-",118-91-2|26264-09-5,229.166666666667,"Gramatica et al. 2007, Environ. Sci. Technol., 41, 8, 2833–2839, DOI: https://doi.org/10.1021/es061773b",256.0,8374,"InChI=1S/C7H5ClO2/c8-6-4-2-1-3-5(6)7(9)10/h1-4H,(H,9,10)",IKCLCGXPQILATA-UHFFFAOYSA-N,O=C(O)c1ccccc1Cl
257,"methanone, diphenyl-",119-61-9,22.9166666666667,"Gramatica et al. 2007, Environ. Sci. Technol., 41, 8, 2833–2839, DOI: https://doi.org/10.1021/es061773b",257.0,3102,InChI=1S/C13H10O/c14-13(11-7-3-1-4-8-11)12-9-5-2-6-10-12/h1-10H,RWCCWEUUXYIKHB-UHFFFAOYSA-N,O=C(c1ccccc1)c1ccccc1
258,anthracene,120-12-7|54261-80-2,708.333333333333,"Gramatica et al. 2007, Environ. Sci. Technol., 41, 8, 2833–2839, DOI: https://doi.org/10.1021/es061773b",258.0,8418,InChI=1S/C14H10/c1-2-6-12-10-14-8-4-3-7-13(14)9-11(12)5-1/h1-10H,MWPLVEDNUUSJAV-UHFFFAOYSA-N,c1ccc2cc3ccccc3cc2c1
259,"1,2-benzenediol",120-80-9|12385-08-9|26982-53-6,22.9166666666667,"Gramatica et al. 2007, Environ. Sci. Technol., 41, 8, 2833–2839, DOI: https://doi.org/10.1021/es061773b",259.0,289,"InChI=1S/C6H6O2/c7-5-3-1-2-4-6(5)8/h1-4,7-8H",YCIMNLLNPGFGHC-UHFFFAOYSA-N,Oc1ccccc1O
260,"benzene, 1,2,4-trichloro-",104810-41-5|120-82-1|63697-18-7,708.333333333333,"Gramatica et al. 2007, Environ. Sci. Technol., 41, 8, 2833–2839, DOI: https://doi.org/10.1021/es061773b",260.0,13,InChI=1S/C6H3Cl3/c7-4-1-2-5(8)6(9)3-4/h1-3H,PBKONEOXTCPAFI-UHFFFAOYSA-N,Clc1ccc(Cl)c(Cl)c1
261,"phenol, 2,4-dichloro-",120-83-2|3317-66-6,70.8333333333333,"Gramatica et al. 2007, Environ. Sci. Technol., 41, 8, 2833–2839, DOI: https://doi.org/10.1021/es061773b",261.0,8449,"InChI=1S/C6H4Cl2O/c7-4-1-2-6(9)5(8)3-4/h1-3,9H",HFZWRUODUSTPEG-UHFFFAOYSA-N,Oc1ccc(Cl)cc1Cl
262,"benzene, 1-methyl-2,4-dinitro-",121-14-2|1326-41-6|84029-42-5,229.166666666667,"Gramatica et al. 2007, Environ. Sci. Technol., 41, 8, 2833–2839, DOI: https://doi.org/10.1021/es061773b",262.0,8461,"InChI=1S/C7H6N2O4/c1-5-2-3-6(8(10)11)4-7(5)9(12)13/h2-4H,1H3",RMBFBMJGBANMMK-UHFFFAOYSA-N,Cc1ccc([N+](=O)[O-])cc1[N+](=O)[O-]
263,"benzenamine, n,n-dimethyl-",101357-19-1|121-69-7|86362-18-7,70.8333333333333,"Gramatica et al. 2007, Environ. Sci. Technol., 41, 8, 2833–2839, DOI: https://doi.org/10.1021/es061773b",263.0,949,"InChI=1S/C8H11N/c1-9(2)8-6-4-3-5-7-8/h3-7H,1-2H3",JLTDJTHDQAWBAV-UHFFFAOYSA-N,CN(C)c1ccccc1
264,malathion,121-75-5,22.9166666666667,"Gramatica et al. 2007, Environ. Sci. Technol., 41, 8, 2833–2839, DOI: https://doi.org/10.1021/es061773b",264.0,4004,"InChI=1S/C10H19O6PS2/c1-5-15-9(11)7-8(10(12)16-6-2)19-17(18,13-3)14-4/h8H,5-7H2,1-4H3",JXSJBGJIGXNWCI-UHFFFAOYSA-N,CCOC(=O)CC(SP(=S)(OC)OC)C(=O)OCC
265,"1,3,5-triazine-2,4-diamine, 6-chloro-n,n'-diethyl-",122-34-9,229.166666666667,"Gramatica et al. 2007, Environ. Sci. Technol., 41, 8, 2833–2839, DOI: https://doi.org/10.1021/es061773b",265.0,5216,"InChI=1S/C7H12ClN5/c1-3-9-6-11-5(8)12-7(13-6)10-4-2/h3-4H2,1-2H3,(H2,9,10,11,12,13)",ODCWYMIRDDJXKW-UHFFFAOYSA-N,CCN=c1nc(Cl)[nH]c(=NCC)[nH]1
266,"benzenamine, n-phenyl-",122-39-4|25656-57-9,70.8333333333333,"Gramatica et al. 2007, Environ. Sci. Technol., 41, 8, 2833–2839, DOI: https://doi.org/10.1021/es061773b",266.0,11487,"InChI=1S/C12H11N/c1-3-7-11(8-4-1)13-12-9-5-2-6-10-12/h1-10,13H",DMBHHRLKUKUOEG-UHFFFAOYSA-N,c1ccc(Nc2ccccc2)cc1
267,propanal,123-38-6|25722-18-3,7.08333333333333,"Gramatica et al. 2007, Environ. Sci. Technol., 41, 8, 2833–2839, DOI: https://doi.org/10.1021/es061773b",267.0,527,"InChI=1S/C3H6O/c1-2-3-4/h3H,2H2,1H3",NBBJYMSMWIIQGU-UHFFFAOYSA-N,CCC=O
268,butanal,123-72-8|27789-14-6,7.08333333333333,"Gramatica et al. 2007, Environ. Sci. Technol., 41, 8, 2833–2839, DOI: https://doi.org/10.1021/es061773b",268.0,261,"InChI=1S/C4H8O/c1-2-3-4-5/h4H,2-3H2,1H3",ZTQSAGDEMFDKMZ-UHFFFAOYSA-N,CCCC=O
269,"acetic acid, butyl ester",123-86-4,22.9166666666667,"Gramatica et al. 2007, Environ. Sci. Technol., 41, 8, 2833–2839, DOI: https://doi.org/10.1021/es061773b",269.0,31272,"InChI=1S/C6H12O2/c1-3-4-5-8-6(2)7/h3-5H2,1-2H3",DKPFZGUDAPQIHT-UHFFFAOYSA-N,CCCCOC(C)=O
270,"1,4-dioxane",123-91-1|28552-22-9,70.8333333333333,"Gramatica et al. 2007, Environ. Sci. Technol., 41, 8, 2833–2839, DOI: https://doi.org/10.1021/es061773b",270.0,31275,InChI=1S/C4H8O2/c1-2-6-4-3-5-1/h1-4H2,RYHBNJHYFVUHQT-UHFFFAOYSA-N,C1COCCO1
271,decane,116372-01-1|124-18-5|63335-87-5,229.166666666667,"Gramatica et al. 2007, Environ. Sci. Technol., 41, 8, 2833–2839, DOI: https://doi.org/10.1021/es061773b",271.0,15600,"InChI=1S/C10H22/c1-3-5-7-9-10-8-6-4-2/h3-10H2,1-2H3",DIOQZVSQGTUSAI-UHFFFAOYSA-N,CCCCCCCCCC
272,"methanamine, n-methyl-",124-40-3|20786-94-1,22.9166666666667,"Gramatica et al. 2007, Environ. Sci. Technol., 41, 8, 2833–2839, DOI: https://doi.org/10.1021/es061773b",272.0,674,"InChI=1S/C2H7N/c1-3-2/h3H,1-2H3",ROSDSFDQCJNGOL-UHFFFAOYSA-N,CNC
273,"1,3-butadiene, 2-chloro-",126-99-8,229.166666666667,"Gramatica et al. 2007, Environ. Sci. Technol., 41, 8, 2833–2839, DOI: https://doi.org/10.1021/es061773b",273.0,31369,"InChI=1S/C4H5Cl/c1-3-4(2)5/h3H,1-2H2",YACLQRRMGMJLJV-UHFFFAOYSA-N,C=CC(=C)Cl
274,pyrene,129-00-0|1346601-04-4|41496-25-7,2291.66666666667,"Gramatica et al. 2007, Environ. Sci. Technol., 41, 8, 2833–2839, DOI: https://doi.org/10.1021/es061773b",274.0,31423,InChI=1S/C16H10/c1-3-11-7-9-13-5-2-6-14-10-8-12(4-1)15(11)16(13)14/h1-10H,BBEAQIROQSPTKN-UHFFFAOYSA-N,c1cc2ccc3cccc4ccc(c1)c2c34
275,"1,2-benzenedicarboxylic acid, dimethyl ester",131-11-3,70.8333333333333,"Gramatica et al. 2007, Environ. Sci. Technol., 41, 8, 2833–2839, DOI: https://doi.org/10.1021/es061773b",275.0,8554,"InChI=1S/C10H10O4/c1-13-9(11)7-5-3-4-6-8(7)10(12)14-2/h3-6H,1-2H3",NIQCNGHVCWTJSM-UHFFFAOYSA-N,COC(=O)c1ccccc1C(=O)OC
276,dibenzofuran,132-64-9,229.166666666667,"Gramatica et al. 2007, Environ. Sci. Technol., 41, 8, 2833–2839, DOI: https://doi.org/10.1021/es061773b",276.0,568,InChI=1S/C12H8O/c1-3-7-11-9(5-1)10-6-2-4-8-12(10)13-11/h1-8H,TXCDCPKCNAJMEE-UHFFFAOYSA-N,c1ccc2c(c1)oc1ccccc12
277,1-naphthalenamine,134-32-7|25168-10-9,70.8333333333333,"Gramatica et al. 2007, Environ. Sci. Technol., 41, 8, 2833–2839, DOI: https://doi.org/10.1021/es061773b",277.0,8640,"InChI=1S/C10H9N/c11-10-7-3-5-8-4-1-2-6-9(8)10/h1-7H,11H2",RUFPHBVGCFYCNW-UHFFFAOYSA-N,Nc1cccc2ccccc12
278,"thioperoxydicarbonic diamide, tetramethyl-",137-26-8,70.8333333333333,"Gramatica et al. 2007, Environ. Sci. Technol., 41, 8, 2833–2839, DOI: https://doi.org/10.1021/es061773b",278.0,5455,InChI=1S/C6H12N2S4/c1-7(2)5(9)11-12-6(10)8(3)4/h1-4H3,KUAZQDVKQLNFPE-UHFFFAOYSA-N,CN(C)C(=S)SSC(=S)N(C)C
279,"ethanol, 2-amino-",12220-07-4|12220-09-6|141-43-5,7.08333333333333,"Gramatica et al. 2007, Environ. Sci. Technol., 41, 8, 2833–2839, DOI: https://doi.org/10.1021/es061773b",279.0,700,"InChI=1S/C2H7NO/c3-1-2-4/h4H,1-3H2",HZAXFHJVJLSVMW-UHFFFAOYSA-N,NCCO
280,acetic acid ethyl ester,141-78-6,22.9166666666667,"Gramatica et al. 2007, Environ. Sci. Technol., 41, 8, 2833–2839, DOI: https://doi.org/10.1021/es061773b",280.0,8857,"InChI=1S/C4H8O2/c1-3-6-4(2)5/h3H2,1-2H3",XEKOWRVHYACXOJ-UHFFFAOYSA-N,CCOC(C)=O
281,cyclopentene,10016-46-3|142-29-0|29300-20-7,70.8333333333333,"Gramatica et al. 2007, Environ. Sci. Technol., 41, 8, 2833–2839, DOI: https://doi.org/10.1021/es061773b",281.0,8882,"InChI=1S/C5H8/c1-2-4-5-3-1/h1-2H,3-5H2",LPIQUOYDBNQMRZ-UHFFFAOYSA-N,C1=CCCC1
282,hexanoic acid,142-62-1|56279-38-0,22.9166666666667,"Gramatica et al. 2007, Environ. Sci. Technol., 41, 8, 2833–2839, DOI: https://doi.org/10.1021/es061773b",282.0,8892,"InChI=1S/C6H12O2/c1-2-3-4-5-6(7)8/h2-5H2,1H3,(H,7,8)",FUZZWVXGSFPDMH-UHFFFAOYSA-N,CCCCCC(=O)O
283,perylene,198-55-0|69736-15-8,2291.66666666667,"Gramatica et al. 2007, Environ. Sci. Technol., 41, 8, 2833–2839, DOI: https://doi.org/10.1021/es061773b",283.0,9142,InChI=1S/C20H12/c1-5-13-6-2-11-17-18-12-4-8-14-7-3-10-16(20(14)18)15(9-1)19(13)17/h1-12H,CSHWQDPOILHKBI-UHFFFAOYSA-N,c1cc2cccc3c4cccc5cccc(c(c1)c23)c54
284,fluoranthene,206-44-0|76774-50-0,2291.66666666667,"Gramatica et al. 2007, Environ. Sci. Technol., 41, 8, 2833–2839, DOI: https://doi.org/10.1021/es061773b",284.0,9154,InChI=1S/C16H10/c1-2-8-13-12(7-1)14-9-3-5-11-6-4-10-15(13)16(11)14/h1-10H,GVEPBJHOBDJJJI-UHFFFAOYSA-N,c1ccc2c(c1)-c1cccc3cccc-2c13
285,benzo(k)fluoranthene,207-08-9,2291.66666666667,"Gramatica et al. 2007, Environ. Sci. Technol., 41, 8, 2833–2839, DOI: https://doi.org/10.1021/es061773b",285.0,9158,InChI=1S/C20H12/c1-2-6-15-12-19-17-10-4-8-13-7-3-9-16(20(13)17)18(19)11-14(15)5-1/h1-12H,HAXBIWFMXWRORI-UHFFFAOYSA-N,c1ccc2cc3c(cc2c1)-c1cccc2cccc-3c12
286,chrysene,218-01-9|65777-08-4,2291.66666666667,"Gramatica et al. 2007, Environ. Sci. Technol., 41, 8, 2833–2839, DOI: https://doi.org/10.1021/es061773b",286.0,9171,InChI=1S/C18H12/c1-3-7-15-13(5-1)9-11-18-16-8-4-2-6-14(16)10-12-17(15)18/h1-12H,WDECIBYCCFPHNR-UHFFFAOYSA-N,c1ccc2c(c1)ccc1c3ccccc3ccc21
287,cyclopentane,287-92-3,70.8333333333333,"Gramatica et al. 2007, Environ. Sci. Technol., 41, 8, 2833–2839, DOI: https://doi.org/10.1021/es061773b",287.0,9253,InChI=1S/C5H10/c1-2-4-5-3-1/h1-5H2,RGSFGYAAUTVSQA-UHFFFAOYSA-N,C1CCCC1
288,cyclo-octane,NA,70.8333333333333,"Gramatica et al. 2007, Environ. Sci. Technol., 41, 8, 2833–2839, DOI: https://doi.org/10.1021/es061773b",288.0,NA,NA,NA,NA
289,parathion methyl,298-00-0,70.8333333333333,"Gramatica et al. 2007, Environ. Sci. Technol., 41, 8, 2833–2839, DOI: https://doi.org/10.1021/es061773b",289.0,4130,"InChI=1S/C8H10NO5PS/c1-12-15(16,13-2)14-8-5-3-7(4-6-8)9(10)11/h3-6H,1-2H3",RLBIQVVOMOPOHC-UHFFFAOYSA-N,COP(=S)(OC)Oc1ccc([N+](=O)[O-])cc1
290,aldrin,309-00-2,2291.66666666667,"Gramatica et al. 2007, Environ. Sci. Technol., 41, 8, 2833–2839, DOI: https://doi.org/10.1021/es061773b",290.0,12310947,"InChI=1S/C12H8Cl6/c13-8-9(14)11(16)7-5-2-1-4(3-5)6(7)10(8,15)12(11,17)18/h1-2,4-7H,3H2/t4-,5+,6+,7-,10+,11-",QBYJBZPUGVGKQQ-SJJAEHHWSA-N,ClC1=C(Cl)[C@]2(Cl)[C@H]3[C@H]([C@@H]4C=C[C@H]3C4)[C@@]1(Cl)C2(Cl)Cl
291,delta-hexachlorocyclohexane,119911-69-2|319-84-6|319-85-7|319-86-8|55963-79-6|58-89-9|608-73-1|6108-10-7|6108-11-8|6108-12-9|6108-13-0,2291.66666666667,"Gramatica et al. 2007, Environ. Sci. Technol., 41, 8, 2833–2839, DOI: https://doi.org/10.1021/es061773b",291.0,727,InChI=1S/C6H6Cl6/c7-1-2(8)4(10)6(12)5(11)3(1)9/h1-6H,JLYXXMFPNIAWKQ-UHFFFAOYSA-N,ClC1C(Cl)C(Cl)C(Cl)C(Cl)C1Cl
292,diuron,330-54-1,229.166666666667,"Gramatica et al. 2007, Environ. Sci. Technol., 41, 8, 2833–2839, DOI: https://doi.org/10.1021/es061773b",292.0,3120,"InChI=1S/C9H10Cl2N2O/c1-13(2)9(14)12-6-3-4-7(10)8(11)5-6/h3-5H,1-2H3,(H,12,14)",XMTQQYYKAHVGBJ-UHFFFAOYSA-N,CN(C)C(O)=Nc1ccc(Cl)c(Cl)c1
293,linuron,330-55-2|56645-87-5,229.166666666667,"Gramatica et al. 2007, Environ. Sci. Technol., 41, 8, 2833–2839, DOI: https://doi.org/10.1021/es061773b",293.0,9502,"InChI=1S/C9H10Cl2N2O2/c1-13(15-2)9(14)12-6-3-4-7(10)8(11)5-6/h3-5H,1-2H3,(H,12,14)",XKJMBINCVNINCA-UHFFFAOYSA-N,CON(C)C(O)=Nc1ccc(Cl)c(Cl)c1
294,diazinon,333-41-5,229.166666666667,"Gramatica et al. 2007, Environ. Sci. Technol., 41, 8, 2833–2839, DOI: https://doi.org/10.1021/es061773b",294.0,3017,"InChI=1S/C12H21N2O3PS/c1-6-15-18(19,16-7-2)17-11-8-10(5)13-12(14-11)9(3)4/h8-9H,6-7H2,1-5H3",FHIVAFMUCKRCQO-UHFFFAOYSA-N,CCOP(=S)(OCC)Oc1cc(C)nc(C(C)C)n1
295,"benzene, fluoro-",462-06-6,70.8333333333333,"Gramatica et al. 2007, Environ. Sci. Technol., 41, 8, 2833–2839, DOI: https://doi.org/10.1021/es061773b",295.0,10008,InChI=1S/C6H5F/c7-6-4-2-1-3-5-6/h1-5H,PYLWMHQQBFSUBP-UHFFFAOYSA-N,Fc1ccccc1
296,"1h-indene, 2,3-dihydro-",496-11-7|56573-11-6,229.166666666667,"Gramatica et al. 2007, Environ. Sci. Technol., 41, 8, 2833–2839, DOI: https://doi.org/10.1021/es061773b",296.0,10326,"InChI=1S/C9H10/c1-2-5-9-7-3-6-8(9)4-1/h1-2,4-5H,3,6-7H2",PQNFLJBBNBOBRQ-UHFFFAOYSA-N,c1ccc2c(c1)CCC2
297,"benzene, 1,2,3-trimethyl-",25551-13-7|526-73-8,229.166666666667,"Gramatica et al. 2007, Environ. Sci. Technol., 41, 8, 2833–2839, DOI: https://doi.org/10.1021/es061773b",297.0,10686,"InChI=1S/C9H12/c1-7-5-4-6-8(2)9(7)3/h4-6H,1-3H3",FYGHSUNMUKGBRK-UHFFFAOYSA-N,Cc1cccc(C)c1C
298,"phenol, 2-methyl-4,6-dinitro-",534-52-1,229.166666666667,"Gramatica et al. 2007, Environ. Sci. Technol., 41, 8, 2833–2839, DOI: https://doi.org/10.1021/es061773b",298.0,10800,"InChI=1S/C7H6N2O5/c1-4-2-5(8(11)12)3-6(7(4)10)9(13)14/h2-3,10H,1H3",ZXVONLUNISGICL-UHFFFAOYSA-N,Cc1cc([N+](=O)[O-])cc([N+](=O)[O-])c1O
299,"benzene, 1,3-dichloro-",541-73-1|63697-17-6,708.333333333333,"Gramatica et al. 2007, Environ. Sci. Technol., 41, 8, 2833–2839, DOI: https://doi.org/10.1021/es061773b",299.0,10943,InChI=1S/C6H4Cl2/c7-5-2-1-3-6(8)4-5/h1-4H,ZPQOPVIELGIULI-UHFFFAOYSA-N,Clc1cccc(Cl)c1
300,"methane, oxybis chloro-",NA,70.8333333333333,"Gramatica et al. 2007, Environ. Sci. Technol., 41, 8, 2833–2839, DOI: https://doi.org/10.1021/es061773b",300.0,NA,NA,NA,NA
301,"2,3-dimethylnaphthalene",581-40-8,229.166666666667,"Gramatica et al. 2007, Environ. Sci. Technol., 41, 8, 2833–2839, DOI: https://doi.org/10.1021/es061773b",301.0,11386,"InChI=1S/C12H12/c1-9-7-11-5-3-4-6-12(11)8-10(9)2/h3-8H,1-2H3",WWGUMAYGTYQSGA-UHFFFAOYSA-N,Cc1cc2ccccc2cc1C
302,"benzene, iodo-",51209-48-4|591-50-4,708.333333333333,"Gramatica et al. 2007, Environ. Sci. Technol., 41, 8, 2833–2839, DOI: https://doi.org/10.1021/es061773b",302.0,11575,InChI=1S/C6H5I/c7-6-4-2-1-3-5-6/h1-5H,SNHMUERNLJLMHN-UHFFFAOYSA-N,Ic1ccccc1
303,2-hexanone,30637-87-7|591-78-6,22.9166666666667,"Gramatica et al. 2007, Environ. Sci. Technol., 41, 8, 2833–2839, DOI: https://doi.org/10.1021/es061773b",303.0,11583,"InChI=1S/C6H12O/c1-3-4-5-6(2)7/h3-5H2,1-2H3",QQZOPKMRPOGIEB-UHFFFAOYSA-N,CCCCC(C)=O
304,"acetic acid, 2-propenyl ester",29467-34-3|591-87-7,22.9166666666667,"Gramatica et al. 2007, Environ. Sci. Technol., 41, 8, 2833–2839, DOI: https://doi.org/10.1021/es061773b",304.0,11584,"InChI=1S/C5H8O2/c1-3-4-7-5(2)6/h3H,1,4H2,2H3",FWZUNOYOVVKUNF-UHFFFAOYSA-N,C=CCOC(C)=O
305,"1,4-pentadiene",591-93-5,70.8333333333333,"Gramatica et al. 2007, Environ. Sci. Technol., 41, 8, 2833–2839, DOI: https://doi.org/10.1021/es061773b",305.0,11587,"InChI=1S/C5H8/c1-3-5-4-2/h3-4H,1-2,5H2",QYZLKGVUSQXAMU-UHFFFAOYSA-N,C=CCC=C
306,"formic acid, butyl ester",592-84-7,22.9166666666667,"Gramatica et al. 2007, Environ. Sci. Technol., 41, 8, 2833–2839, DOI: https://doi.org/10.1021/es061773b",306.0,11614,"InChI=1S/C5H10O2/c1-2-3-4-7-5-6/h5H,2-4H2,1H3",NMJJFJNHVMGPGM-UHFFFAOYSA-N,CCCCOC=O
307,"benzene, pentachloro-",608-93-5,708.333333333333,"Gramatica et al. 2007, Environ. Sci. Technol., 41, 8, 2833–2839, DOI: https://doi.org/10.1021/es061773b",307.0,11855,InChI=1S/C6HCl5/c7-2-1-3(8)5(10)6(11)4(2)9/h1H,CEOCDNVZRAIOQZ-UHFFFAOYSA-N,Clc1cc(Cl)c(Cl)c(Cl)c1Cl
308,"1-propanamine, n-nitroso-n-propyl-",621-64-7,229.166666666667,"Gramatica et al. 2007, Environ. Sci. Technol., 41, 8, 2833–2839, DOI: https://doi.org/10.1021/es061773b",308.0,12130,"InChI=1S/C6H14N2O/c1-3-5-8(7-9)6-4-2/h3-6H2,1-2H3",YLKFDHTUAUWZPQ-UHFFFAOYSA-N,CCCN(CCC)N=O
309,3-butenoic acid,28391-17-5|625-38-7,22.9166666666667,"Gramatica et al. 2007, Environ. Sci. Technol., 41, 8, 2833–2839, DOI: https://doi.org/10.1021/es061773b",309.0,32743,"InChI=1S/C4H6O2/c1-2-3-4(5)6/h2H,1,3H2,(H,5,6)",PVEOYINWKBTPIZ-UHFFFAOYSA-N,C=CCC(=O)O
310,"1,4-cyclohexadiene",628-41-1,70.8333333333333,"Gramatica et al. 2007, Environ. Sci. Technol., 41, 8, 2833–2839, DOI: https://doi.org/10.1021/es061773b",310.0,12343,"InChI=1S/C6H8/c1-2-4-6-5-3-1/h1-2,5-6H,3-4H2",UVJHQYIOXKWHFD-UHFFFAOYSA-N,C1=CCC=CC1
311,"acetic acid, pentyl ester",628-63-7|828-63-7,22.9166666666667,"Gramatica et al. 2007, Environ. Sci. Technol., 41, 8, 2833–2839, DOI: https://doi.org/10.1021/es061773b",311.0,12348,"InChI=1S/C7H14O2/c1-3-4-5-6-9-7(2)8/h3-6H2,1-2H3",PGMYKACGEOXYJE-UHFFFAOYSA-N,CCCCCOC(C)=O
312,"benzene, 1,2,3,4-tetrachloro-",13280-72-3|634-66-2|63697-20-1,708.333333333333,"Gramatica et al. 2007, Environ. Sci. Technol., 41, 8, 2833–2839, DOI: https://doi.org/10.1021/es061773b",312.0,12463,InChI=1S/C6H2Cl4/c7-3-1-2-4(8)6(10)5(3)9/h1-2H,GBDZXPJXOMHESU-UHFFFAOYSA-N,Clc1ccc(Cl)c(Cl)c1Cl
313,"benzene, 1,2,3,5-tetrachloro-",634-90-2|63697-21-2,708.333333333333,"Gramatica et al. 2007, Environ. Sci. Technol., 41, 8, 2833–2839, DOI: https://doi.org/10.1021/es061773b",313.0,12468,InChI=1S/C6H2Cl4/c7-3-1-4(8)6(10)5(9)2-3/h1-2H,QZYNWJQFTJXIRN-UHFFFAOYSA-N,Clc1cc(Cl)c(Cl)c(Cl)c1
314,1-hexyne,26856-30-4|28827-85-2|693-02-7,70.8333333333333,"Gramatica et al. 2007, Environ. Sci. Technol., 41, 8, 2833–2839, DOI: https://doi.org/10.1021/es061773b",314.0,12732,"InChI=1S/C6H10/c1-3-5-6-4-2/h1H,4-6H2,2H3",CGHIBGNXEGJPQZ-UHFFFAOYSA-N,C#CCCCC
315,"carbamothioic acid, dipropyl-, s-ethyl ester",759-94-4,70.8333333333333,"Gramatica et al. 2007, Environ. Sci. Technol., 41, 8, 2833–2839, DOI: https://doi.org/10.1021/es061773b",315.0,12968,"InChI=1S/C9H19NOS/c1-4-7-10(8-5-2)9(11)12-6-3/h4-8H2,1-3H3",GUVLYNGULCJVDO-UHFFFAOYSA-N,CCCN(CCC)C(=O)SCC
316,1-ethylnaphthalene,1127-76-0|27138-19-8|29793-40-6,229.166666666667,"Gramatica et al. 2007, Environ. Sci. Technol., 41, 8, 2833–2839, DOI: https://doi.org/10.1021/es061773b",316.0,14315,"InChI=1S/C12H12/c1-2-10-7-5-8-11-6-3-4-9-12(10)11/h3-9H,2H2,1H3",ZMXIYERNXPIYFR-UHFFFAOYSA-N,CCc1cccc2ccccc12
317,carbofuran,1563-66-2,70.8333333333333,"Gramatica et al. 2007, Environ. Sci. Technol., 41, 8, 2833–2839, DOI: https://doi.org/10.1021/es061773b",317.0,2566,"InChI=1S/C12H15NO3/c1-12(2)7-8-5-4-6-9(10(8)16-12)15-11(14)13-3/h4-6H,7H2,1-3H3,(H,13,14)",DUEPRVBVGDRKAG-UHFFFAOYSA-N,CN=C(O)Oc1cccc2c1OC(C)(C)C2
318,trifluralin,1582-09-8|71281-30-6,229.166666666667,"Gramatica et al. 2007, Environ. Sci. Technol., 41, 8, 2833–2839, DOI: https://doi.org/10.1021/es061773b",318.0,5569,"InChI=1S/C13H16F3N3O4/c1-3-5-17(6-4-2)12-10(18(20)21)7-9(13(14,15)16)8-11(12)19(22)23/h7-8H,3-6H2,1-2H3",ZSDSQXJSNMTJDA-UHFFFAOYSA-N,CCCN(CCC)c1c([N+](=O)[O-])cc(C(F)(F)F)cc1[N+](=O)[O-]
319,"propane, 2-methoxy-2-methyl-",1219795-06-8|1634-04-4,70.8333333333333,"Gramatica et al. 2007, Environ. Sci. Technol., 41, 8, 2833–2839, DOI: https://doi.org/10.1021/es061773b",319.0,15413,"InChI=1S/C5H12O/c1-5(2,3)6-4/h1-4H3",BZLVMXJERCGZMT-UHFFFAOYSA-N,COC(C)(C)C
320,"2,3,7,8-TCDD",1746-01-6|56795-67-6,2291.66666666667,"Gramatica et al. 2007, Environ. Sci. Technol., 41, 8, 2833–2839, DOI: https://doi.org/10.1021/es061773b",320.0,15625,InChI=1S/C12H4Cl4O2/c13-5-1-9-10(2-6(5)14)18-12-4-8(16)7(15)3-11(12)17-9/h1-4H,HGUFODBRKLSHSI-UHFFFAOYSA-N,Clc1cc2c(cc1Cl)Oc1cc(Cl)c(Cl)cc1O2
321,atrazine,102029-43-6|1912-24-9,70.8333333333333,"Gramatica et al. 2007, Environ. Sci. Technol., 41, 8, 2833–2839, DOI: https://doi.org/10.1021/es061773b",321.0,2256,"InChI=1S/C8H14ClN5/c1-4-10-7-12-6(9)13-8(14-7)11-5(2)3/h5H,4H2,1-3H3,(H2,10,11,12,13,14)",MXWJVTOOROXGIU-UHFFFAOYSA-N,CCN=c1nc(Cl)[nH]c(=NC(C)C)[nH]1
322,dicamba,1918-00-9|62610-39-3|89300-29-8,70.8333333333333,"Gramatica et al. 2007, Environ. Sci. Technol., 41, 8, 2833–2839, DOI: https://doi.org/10.1021/es061773b",322.0,3030,"InChI=1S/C8H6Cl2O3/c1-13-7-5(10)3-2-4(9)6(7)8(11)12/h2-3H,1H3,(H,11,12)",IWEDIXLBFLAXBO-UHFFFAOYSA-N,COc1c(Cl)ccc(Cl)c1C(=O)O
323,decachlorobiphenyl  (PCB 209),NA,2291.66666666667,"Gramatica et al. 2007, Environ. Sci. Technol., 41, 8, 2833–2839, DOI: https://doi.org/10.1021/es061773b",323.0,NA,NA,NA,NA
324,3 chlorobiphenyl  (PCB 3),NA,708.333333333333,"Gramatica et al. 2007, Environ. Sci. Technol., 41, 8, 2833–2839, DOI: https://doi.org/10.1021/es061773b",324.0,NA,NA,NA,NA
325,diallate,17708-57-5|2303-16-4,229.166666666667,"Gramatica et al. 2007, Environ. Sci. Technol., 41, 8, 2833–2839, DOI: https://doi.org/10.1021/es061773b",325.0,5284376,"InChI=1S/C10H17Cl2NOS/c1-7(2)13(8(3)4)10(14)15-6-9(12)5-11/h5,7-8H,6H2,1-4H3/b9-5-",SPANOECCGNXGNR-UITAMQMPSA-N,CC(C)N(C(=O)SC/C(Cl)=C/Cl)C(C)C
326,triallate,2303-17-5,22.9166666666667,"Gramatica et al. 2007, Environ. Sci. Technol., 41, 8, 2833–2839, DOI: https://doi.org/10.1021/es061773b",326.0,5543,"InChI=1S/C10H16Cl3NOS/c1-6(2)14(7(3)4)10(15)16-5-8(11)9(12)13/h6-7H,5H2,1-4H3",MWBPRDONLNQCFV-UHFFFAOYSA-N,CC(C)N(C(=O)SCC(Cl)=C(Cl)Cl)C(C)C
327,2-methoxytetrachlorophenol,2539-17-5|97331-56-1,229.166666666667,"Gramatica et al. 2007, Environ. Sci. Technol., 41, 8, 2833–2839, DOI: https://doi.org/10.1021/es061773b",327.0,17343,"InChI=1S/C7H4Cl4O2/c1-13-7-5(11)3(9)2(8)4(10)6(7)12/h12H,1H3",YZZVKLJKDFFSFL-UHFFFAOYSA-N,COc1c(O)c(Cl)c(Cl)c(Cl)c1Cl
328,octachlorodibenzo-p-dioxin,3268-87-9,2291.66666666667,"Gramatica et al. 2007, Environ. Sci. Technol., 41, 8, 2833–2839, DOI: https://doi.org/10.1021/es061773b",328.0,18636,InChI=1S/C12Cl8O2/c13-1-2(14)6(18)10-9(5(1)17)21-11-7(19)3(15)4(16)8(20)12(11)22-10,FOIBFBMSLDGNHL-UHFFFAOYSA-N,Clc1c(Cl)c(Cl)c2c(c1Cl)Oc1c(Cl)c(Cl)c(Cl)c(Cl)c1O2
329,"o,p' DDE",3424-82-6,2291.66666666667,"Gramatica et al. 2007, Environ. Sci. Technol., 41, 8, 2833–2839, DOI: https://doi.org/10.1021/es061773b",329.0,246598,InChI=1S/C14H8Cl4/c15-10-7-5-9(6-8-10)13(14(17)18)11-3-1-2-4-12(11)16/h1-8H,ZDYJWDIWLRZXDB-UHFFFAOYSA-N,ClC(Cl)=C(c1ccc(Cl)cc1)c1ccccc1Cl
330,"2,8-dichlorodibenzofuran",5409-83-6,708.333333333333,"Gramatica et al. 2007, Environ. Sci. Technol., 41, 8, 2833–2839, DOI: https://doi.org/10.1021/es061773b",330.0,21510,InChI=1S/C12H6Cl2O/c13-7-1-3-11-9(5-7)10-6-8(14)2-4-12(10)15-11/h1-6H,IVVRJIDVYSPKFZ-UHFFFAOYSA-N,Clc1ccc2oc3ccc(Cl)cc3c2c1
331,"benzene, 1-chloro-4-phenoxy-",55398-86-2|7005-72-3,70.8333333333333,"Gramatica et al. 2007, Environ. Sci. Technol., 41, 8, 2833–2839, DOI: https://doi.org/10.1021/es061773b",331.0,23436,InChI=1S/C12H9ClO/c13-10-6-8-12(9-7-10)14-11-4-2-1-3-5-11/h1-9H,PGPNJCAMHOJTEF-UHFFFAOYSA-N,Clc1ccc(Oc2ccccc2)cc1
332,mecoprop,7085-19-0|93-65-2,70.8333333333333,"Gramatica et al. 2007, Environ. Sci. Technol., 41, 8, 2833–2839, DOI: https://doi.org/10.1021/es061773b",332.0,7153,"InChI=1S/C10H11ClO3/c1-6-5-8(11)3-4-9(6)14-7(2)10(12)13/h3-5,7H,1-2H3,(H,12,13)",WNTGYJSOUMFZEP-UHFFFAOYSA-N,Cc1cc(Cl)ccc1OC(C)C(=O)O
333,toxaphene,1852481-29-8|8001-35-2,2291.66666666667,"Gramatica et al. 2007, Environ. Sci. Technol., 41, 8, 2833–2839, DOI: https://doi.org/10.1021/es061773b",333.0,5284469,"InChI=1S/C10H8Cl8/c1-4-7(2-11,3-12)9(16)6(14)5(13)8(4,15)10(9,17)18/h5-6H,1-3H2",OEJNXTAZZBRGDN-UHFFFAOYSA-N,C=C1C(CCl)(CCl)C2(Cl)C(Cl)C(Cl)C1(Cl)C2(Cl)Cl
334,benomyl,17804-35-2,229.166666666667,"Gramatica et al. 2007, Environ. Sci. Technol., 41, 8, 2833–2839, DOI: https://doi.org/10.1021/es061773b",334.0,28780,"InChI=1S/C14H18N4O3/c1-3-4-9-15-13(19)18-11-8-6-5-7-10(11)16-12(18)17-14(20)21-2/h5-8H,3-4,9H2,1-2H3,(H,15,19)(H,16,17,20)",RIOXQFHNBCKOKP-UHFFFAOYSA-N,CCCCN=C(O)n1c(N=C(O)OC)nc2ccccc21
335,"2,3,4-trichlorobiphenyl  (PCB 21)",NA,2291.66666666667,"Gramatica et al. 2007, Environ. Sci. Technol., 41, 8, 2833–2839, DOI: https://doi.org/10.1021/es061773b",335.0,NA,NA,NA,NA
336,"2,3,3',4',5'-pentachlorobiphenyl  (PCB 122)",NA,2291.66666666667,"Gramatica et al. 2007, Environ. Sci. Technol., 41, 8, 2833–2839, DOI: https://doi.org/10.1021/es061773b",336.0,NA,NA,NA,NA
337,"2,2' dichloro 4 methylbiphenyl",NA,708.333333333333,"Gramatica et al. 2007, Environ. Sci. Technol., 41, 8, 2833–2839, DOI: https://doi.org/10.1021/es061773b",337.0,NA,NA,NA,NA
338,"3,3',4,4',5,5'-hexachlorobiphenyl  (PCB 169)",NA,2291.66666666667,"Gramatica et al. 2007, Environ. Sci. Technol., 41, 8, 2833–2839, DOI: https://doi.org/10.1021/es061773b",338.0,NA,NA,NA,NA
339,"2,2',3,3',4,5,6-heptachlorobiphenyl  (PCB 173)",NA,2291.66666666667,"Gramatica et al. 2007, Environ. Sci. Technol., 41, 8, 2833–2839, DOI: https://doi.org/10.1021/es061773b",339.0,NA,NA,NA,NA
340,"1,2,3,4-tetrachlorodibenzo-p-dioxin",30746-58-8,2291.66666666667,"Gramatica et al. 2007, Environ. Sci. Technol., 41, 8, 2833–2839, DOI: https://doi.org/10.1021/es061773b",340.0,35454,InChI=1S/C12H4Cl4O2/c13-7-8(14)10(16)12-11(9(7)15)17-5-3-1-2-4-6(5)18-12/h1-4H,DJHHDLMTUOLVHY-UHFFFAOYSA-N,Clc1c(Cl)c(Cl)c2c(c1Cl)Oc1ccccc1O2
341,isopropalin,33820-53-0,229.166666666667,"Gramatica et al. 2007, Environ. Sci. Technol., 41, 8, 2833–2839, DOI: https://doi.org/10.1021/es061773b",341.0,36606,"InChI=1S/C15H23N3O4/c1-5-7-16(8-6-2)15-13(17(19)20)9-12(11(3)4)10-14(15)18(21)22/h9-11H,5-8H2,1-4H3",NEKOXWSIMFDGMA-UHFFFAOYSA-N,CCCN(CCC)c1c([N+](=O)[O-])cc(C(C)C)cc1[N+](=O)[O-]
342,"2,7-dichlorodibenzo-p-dioxin",33857-26-0,708.333333333333,"Gramatica et al. 2007, Environ. Sci. Technol., 41, 8, 2833–2839, DOI: https://doi.org/10.1021/es061773b",342.0,36613,InChI=1S/C12H6Cl2O2/c13-7-1-3-9-11(5-7)16-10-4-2-8(14)6-12(10)15-9/h1-6H,NBFMTHWVRBOVPE-UHFFFAOYSA-N,Clc1ccc2c(c1)Oc1ccc(Cl)cc1O2
343,"1,2,3,4,6,7,8-heptchlorodibenzo-p-dioxin",NA,2291.66666666667,"Gramatica et al. 2007, Environ. Sci. Technol., 41, 8, 2833–2839, DOI: https://doi.org/10.1021/es061773b",343.0,NA,NA,NA,NA
344,"2,8-dichlorodibenzo-p-dioxin",38964-22-6,708.333333333333,"Gramatica et al. 2007, Environ. Sci. Technol., 41, 8, 2833–2839, DOI: https://doi.org/10.1021/es061773b",344.0,38193,InChI=1S/C12H6Cl2O2/c13-7-1-3-9-11(5-7)16-12-6-8(14)2-4-10(12)15-9/h1-6H,WMWJCKBJUQDYLM-UHFFFAOYSA-N,Clc1ccc2c(c1)Oc1cc(Cl)ccc1O2
345,octachlorodibenzofuran,39001-02-0,2291.66666666667,"Gramatica et al. 2007, Environ. Sci. Technol., 41, 8, 2833–2839, DOI: https://doi.org/10.1021/es061773b",345.0,38200,InChI=1S/C12Cl8O/c13-3-1-2-4(14)6(16)8(18)10(20)12(2)21-11(1)9(19)7(17)5(3)15,RHIROFAGUQOFLU-UHFFFAOYSA-N,Clc1c(Cl)c(Cl)c2c(oc3c(Cl)c(Cl)c(Cl)c(Cl)c32)c1Cl
346,"2,7-dichlorodibenzo-p-dioxin",33857-26-0,708.333333333333,"Gramatica et al. 2007, Environ. Sci. Technol., 41, 8, 2833–2839, DOI: https://doi.org/10.1021/es061773b",346.0,36613,InChI=1S/C12H6Cl2O2/c13-7-1-3-9-11(5-7)16-10-4-2-8(14)6-12(10)15-9/h1-6H,NBFMTHWVRBOVPE-UHFFFAOYSA-N,Clc1ccc2c(c1)Oc1ccc(Cl)cc1O2
347,"1,2,4-trichlorodibenzo-p-dioxin",39227-58-2,708.333333333333,"Gramatica et al. 2007, Environ. Sci. Technol., 41, 8, 2833–2839, DOI: https://doi.org/10.1021/es061773b",347.0,38253,InChI=1S/C12H5Cl3O2/c13-6-5-7(14)11-12(10(6)15)17-9-4-2-1-3-8(9)16-11/h1-5H,HRVUKLBFRPWXPJ-UHFFFAOYSA-N,Clc1cc(Cl)c2c(c1Cl)Oc1ccccc1O2
348,"1,2,3,4,7-pentachlorodibenzo-p-dioxin",39227-61-7,2291.66666666667,"Gramatica et al. 2007, Environ. Sci. Technol., 41, 8, 2833–2839, DOI: https://doi.org/10.1021/es061773b",348.0,38254,InChI=1S/C12H3Cl5O2/c13-4-1-2-5-6(3-4)19-12-10(17)8(15)7(14)9(16)11(12)18-5/h1-3H,WRNGAZFESPEMCN-UHFFFAOYSA-N,Clc1ccc2c(c1)Oc1c(Cl)c(Cl)c(Cl)c(Cl)c1O2
349,"2,3,7,8-TCDF",51207-31-9,2291.66666666667,"Gramatica et al. 2007, Environ. Sci. Technol., 41, 8, 2833–2839, DOI: https://doi.org/10.1021/es061773b",349.0,39929,InChI=1S/C12H4Cl4O/c13-7-1-5-6-2-8(14)10(16)4-12(6)17-11(5)3-9(7)15/h1-4H,KSMVNVHUTQZITP-UHFFFAOYSA-N,Clc1cc2oc3cc(Cl)c(Cl)cc3c2cc1Cl
350,metolachlor,51218-45-2|82535-90-8,229.166666666667,"Gramatica et al. 2007, Environ. Sci. Technol., 41, 8, 2833–2839, DOI: https://doi.org/10.1021/es061773b",350.0,4169,"InChI=1S/C15H22ClNO2/c1-5-13-8-6-7-11(2)15(13)17(14(18)9-16)12(3)10-19-4/h6-8,12H,5,9-10H2,1-4H3",WVQBLGZPHOPPFO-UHFFFAOYSA-N,CCc1cccc(C)c1N(C(=O)CCl)C(C)COC
351,"2,2',3,3',4,5,5',6,6'-nonachlorobiphenyl  (PCB 208)",NA,2291.66666666667,"Gramatica et al. 2007, Environ. Sci. Technol., 41, 8, 2833–2839, DOI: https://doi.org/10.1021/es061773b",351.0,NA,NA,NA,NA
352,PCB 28*,NA,708.333333333333,"Gramatica et al. 2007, Environ. Sci. Technol., 41, 8, 2833–2839, DOI: https://doi.org/10.1021/es061773b",352.0,NA,NA,NA,NA
353,PCB 101*,NA,2291.66666666667,"Gramatica et al. 2007, Environ. Sci. Technol., 41, 8, 2833–2839, DOI: https://doi.org/10.1021/es061773b",353.0,NA,NA,NA,NA
354,PCB 180*,NA,7083.33333333333,"Gramatica et al. 2007, Environ. Sci. Technol., 41, 8, 2833–2839, DOI: https://doi.org/10.1021/es061773b",354.0,NA,NA,NA,NA
355,? HCH*,NA,2291.66666666667,"Gramatica et al. 2007, Environ. Sci. Technol., 41, 8, 2833–2839, DOI: https://doi.org/10.1021/es061773b",355.0,NA,NA,NA,NA
356,p-cresol*,NA,2.25,"Gramatica et al. 2007, Environ. Sci. Technol., 41, 8, 2833–2839, DOI: https://doi.org/10.1021/es061773b",356.0,NA,NA,NA,NA
357,Hypo-A*,NA,417.0,"Gramatica et al. 2007, Environ. Sci. Technol., 41, 8, 2833–2839, DOI: https://doi.org/10.1021/es061773b",357.0,NA,NA,NA,NA
358,Hypo-B*,NA,70.0,"Gramatica et al. 2007, Environ. Sci. Technol., 41, 8, 2833–2839, DOI: https://doi.org/10.1021/es061773b",358.0,NA,NA,NA,NA
359,Hypo-C*,NA,36500.0,"Gramatica et al. 2007, Environ. Sci. Technol., 41, 8, 2833–2839, DOI: https://doi.org/10.1021/es061773b",359.0,NA,NA,NA,NA
