Compound	CAS	T_half_sediment_days	Canonical_smiles	Corrected_names	n_sources
1,2-DICHLOROETHYLENE	540-59-0	31.0	ClC=CCl		1
1,3,5-Triazine-2,4-diamine, N-cyclopropyl-N'-(1,1-dimethylethyl)-6-(methylthio)-	28159-98-0	200.0	CSc1nc(=NC2CC2)nc(NC(C)(C)C)[nH]1		1
1-CHLORO-3-NITROBENZENE	121-73-3	3.2	O=[N+]([O-])c1cccc(Cl)c1		1
1-HYDROXYANTHRAQUINONE	129-43-1	10.0	O=C1c2ccccc2C(=O)c2c(O)cccc21		1
2,4-DIBROMOPHENOL	615-58-7	5.0	Oc1ccc(Br)cc1Br		1
2,4-DINONYLPHENOL	137-99-5	104.0	CCCCCCCCCc1ccc(O)c(CCCCCCCCC)c1		1
2,5-DICHLOROPHENOL	583-78-8	123.0	Oc1cc(Cl)ccc1Cl		1
2,6-DIBROMOPHENOL	59779-25-8|608-33-3	7.0	Oc1c(Br)cccc1Br		1
2,6-LUTIDINE	108-48-5|27175-64-0	6.0	Cc1cccc(C)n1		1
2-CHLOROPHENOL	25167-80-0|95-57-8	6.9	Oc1ccccc1Cl		1
2-ETHYLHEXANOIC ACID	149-57-5	5.0	CCCCC(CC)C(=O)O		1
2-PYRIDINECARBONITRILE	100-70-9|29386-66-1	0.69	N#Cc1ccccn1		1
3,4,5-TRICHLOROPHENOL	609-19-8	22.0	Oc1cc(Cl)c(Cl)c(Cl)c1		1
3,4-DICHLOROANILINE	95-76-1	60.0	Nc1ccc(Cl)c(Cl)c1		1
3,4-DICHLORONITROBENZENE	99-54-7	2.4	O=[N+]([O-])c1ccc(Cl)c(Cl)c1		1
3,4-DICHLOROPHENOL	95-77-2	70.0	Oc1ccc(Cl)c(Cl)c1		1
3,5-DICHLOROANILINE	1219795-03-5|626-43-7	149.0	Nc1cc(Cl)cc(Cl)c1		1
3,5-DICHLOROPHENOL	591-35-5	36.0	Oc1cc(Cl)cc(Cl)c1		1
3-CHLOROANILINE	108-42-9	666.3	Nc1cccc(Cl)c1		1
3-CHLOROPHENOL	108-43-0	173.0	Oc1cccc(Cl)c1		1
3-IODO-2-PROPYNYL BUTYLCARBAMATE	1246815-08-6|55406-53-6|85045-09-6	0.5541667	CCCCN=C(O)OCC#CI		1
3-PYRIDINECARBONITRILE	100-54-9	9.41	N#Cc1cccnc1		1
4,4'-DICHLOROAZOBENZENE	1602-00-2|21650-51-1	80.0	Clc1ccc(N=Nc2ccc(Cl)cc2)cc1		1
4,4'-THIOBISBENZENAMINE	139-65-1	1.333333	Nc1ccc(Sc2ccc(N)cc2)cc1		1
4-BROMOANILINE	106-40-1	124.4	Nc1ccc(Br)cc1		1
4-FLUOROANILINE	371-40-4	211.3	Nc1ccc(F)cc1		1
4-NITRO-3-TRIFLUOROMETHYLPHENOL	88-30-2	2.1	O=[N+]([O-])c1ccc(O)cc1C(F)(F)F		1
5-Chloro-2-methyl-4-isothiazolin-3-one	26172-55-4	5.0	Cn1sc(Cl)cc1=O		1
ACEPHATE	30560-19-1	6.6	COP(=O)(N=C(C)O)SC		1
ACETAMIPRID	135410-20-7|160430-64-8	45.0	CC(=NC#N)N(C)Cc1ccc(Cl)nc1		1
ACETOCHLOR	123113-74-6|34256-82-1	16.0	CCOCN(C(=O)CCl)c1c(C)cccc1CC		1
ALPHA-METHYLBENZYL ALCOHOL	13323-81-4|98-85-1	7.0	CC(O)c1ccccc1		1
AZOBENZENE	103-33-3|1080-16-6|17082-12-1	1.01666	c1ccc(N=Nc2ccccc2)cc1		1
BENZO(E)PYRENE	192-97-2|73467-76-2	875.0	c1ccc2c(c1)c1cccc3ccc4cccc2c4c31		1
Benzylamine	100-46-9|89551-24-6	3.3	NCc1ccccc1		1
BETA-HEXACHLOROCYCLOHEXANE	119911-69-2|319-84-6|319-85-7|319-86-8|55963-79-6|58-89-9|608-73-1|6108-10-7|6108-11-8|6108-12-9|6108-13-0	7.416667	ClC1C(Cl)C(Cl)C(Cl)C(Cl)C1Cl		4
Bisphenol A	102438-62-0|25766-59-0|80-05-7	1.1	CC(C)(c1ccc(O)cc1)c1ccc(O)cc1		1
C.I. DIRECT BLUE 1	2610-05-1	16.5	COc1cc(-c2ccc(N=Nc3ccc4c(S(=O)(=O)[O-])cc(S(=O)(=O)O)c(N)c4c3[O-])c(OC)c2)ccc1N=Nc1ccc2c(S(=O)(=O)[O-])cc(S(=O)(=O)O)c(N)c2c1[O-].[Na+].[Na+].[Na+].[Na+]		1
C.I. DIRECT RED 28	573-58-0	3.6	Nc1c(N=Nc2ccc(-c3ccc(N=Nc4cc(S(=O)(=O)[O-])c5ccccc5c4N)cc3)cc2)cc(S(=O)(=O)[O-])c2ccccc12.[Na+].[Na+]		1
CHLORFENAPYR	122453-73-0	250.0	CCOCn1c(-c2ccc(Cl)cc2)c(C#N)c(Br)c1C(F)(F)F		1
CLONITRALIDE	1420-04-8|5716-19-8	2.9	NCCO.O=[N+]([O-])c1ccc(N=C(O)c2cc(Cl)ccc2O)c(Cl)c1		1
CYPERMETHRIN	137497-61-1|211504-93-7|52315-07-8|71697-59-1|72204-44-5|86753-92-6|97955-44-7	85.0	CC1(C)C(C=C(Cl)Cl)C1C(=O)OC(C#N)c1cccc(Oc2ccccc2)c1		1
DECABROMODIPHENYL ETHER	1163-19-5|145538-74-5	3650.0	Brc1c(Br)c(Br)c(Oc2c(Br)c(Br)c(Br)c(Br)c2Br)c(Br)c1Br		1
DECAMETHYLCYCLOPENTASILOXANE	541-02-6	2700.0	C[Si]1(C)O[Si](C)(C)O[Si](C)(C)O[Si](C)(C)O[Si](C)(C)O1		1
DIBENZO(A,H)PYRENE	189-64-0|58615-36-4	875.0	c1ccc2c(c1)cc1ccc3c4ccccc4cc4ccc2c1c43		1
Dibenzo(a,i)pyrene	189-55-9	875.0	c1ccc2c(c1)cc1ccc3cc4ccccc4c4ccc2c1c34		1
Dichloroethylene	107-06-2|25323-30-2|52399-93-6	511.0	ClCCCl		2
Dichlorvos	62-73-7	50.0	COP(=O)(OC)OC=C(Cl)Cl		1
DICYCLOHEXYL PHTHALATE	84-61-7	26.4	O=C(OC1CCCCC1)c1ccccc1C(=O)OC1CCCCC1		1
DIFLUBENZURON	35367-38-5	15.0	O=C(N=C(O)c1c(F)cccc1F)Nc1ccc(Cl)cc1		1
DIMETHYLARSENIC ACID	75-60-5|917-76-0	30.0	C[As](C)(=O)O		1
FLUCYTHRINATE	70124-77-5	16.0	CC(C)C(C(=O)OC(C#N)c1cccc(Oc2ccccc2)c1)c1ccc(OC(F)F)cc1		1
FLUMEQUINE	42835-25-6	155.0	CC1CCc2cc(F)cc3c(=O)c(C(=O)O)cn1c23		1
Furosemide	54-31-9|84931-49-7	20.0	NS(=O)(=O)c1cc(C(=O)O)c(NCc2ccco2)cc1Cl		2
GLYPHOSATE	1071-83-6|81591-81-3|994-61-6	30.5	O=C(O)CNCP(=O)(O)O		1
HEXACHLORONAPHTHALENE	1335-87-1|58877-88-6	180.0	Clc1ccc2c(Cl)c(Cl)c(Cl)c(Cl)c2c1Cl		1
HEXACHLOROPHENE	139411-96-4|70-30-4	290.0	Oc1c(Cl)cc(Cl)c(Cl)c1Cc1c(O)c(Cl)cc(Cl)c1Cl		1
Hydrochlorothiazide	125727-50-6|58-93-5|8049-49-8	28.8	NS(=O)(=O)c1cc2c(cc1Cl)NCNS2(=O)=O		1
Imazamox	114311-32-9|221298-64-2	142.0	COCc1cnc(C2=NC(=O)C(C)(C(C)C)N2)c(C(=O)O)c1		1
KEPONE	143-50-0	312.0	O=C1C2(Cl)C3(Cl)C4(Cl)C(Cl)(Cl)C5(Cl)C3(Cl)C1(Cl)C5(Cl)C24Cl		1
METHANE	14493-06-2|150036-83-2|74-82-8|8006-14-2	70.0	C		1
Methylisothiazolinone	2682-20-4	9.0	Cn1sccc1=O		1
METRONIDAZOLE	443-48-1|56010-45-8	74.5	Cc1ncc([N+](=O)[O-])n1CCO		1
METSULFURON-METHYL	74223-64-6	365.0	COC(=O)c1ccccc1S(=O)(=O)N=C(O)N=c1nc(C)nc(OC)[nH]1		1
NICLOSAMIDE	50-65-7	3.9	O=[N+]([O-])c1ccc(N=C(O)c2cc(Cl)ccc2O)c(Cl)c1		1
Nicosulfuron	111991-09-4	182.0	COc1cc(OC)nc(N=C(O)NS(=O)(=O)c2ncccc2C(=O)N(C)C)n1		1
NONYLPHENOL		99.0	CCCCCCCCCc1ccccc1O		1
OCTAMETHYLCYCLOTETRASILOXANE	556-67-2	365.0	C[Si]1(C)O[Si](C)(C)O[Si](C)(C)O[Si](C)(C)O1		1
Octhilinone	26530-20-1	135.0	CCCCCCCCn1sccc1=O		1
OXADIAZON	19666-30-9	577.0	CC(C)Oc1cc(-n2nc(C(C)(C)C)oc2=O)c(Cl)cc1Cl		1
OXALIC ACID	144-62-7	173.0	O=C(O)C(=O)O		1
OXYFLUOROFEN	42874-03-3	17.0	CCOc1cc(Oc2ccc(C(F)(F)F)cc2Cl)ccc1[N+](=O)[O-]		1
Palmitic acid	1219802-61-5|57-10-3	52.0	CCCCCCCCCCCCCCCC(=O)O		1
P-CHLOROBENZOIC ACID	74-11-3	235.0	O=C(O)c1ccc(Cl)cc1		1
PENTACHLORONITROBENZENE	82-68-8	7.0	O=[N+]([O-])c1c(Cl)c(Cl)c(Cl)c(Cl)c1Cl		1
PERMETHRIN	52341-32-9|52341-33-0|52645-53-1|82523-59-9|93389-07-2	126.0	CC1(C)C(C=C(Cl)Cl)C1C(=O)OCc1cccc(Oc2ccccc2)c1		1
PHORATE	298-02-2	1.5	CCOP(=S)(OCC)SCSCC		1
PRIMISULFURON-METHYL	86209-51-0	365.0	COC(=O)c1ccccc1S(=O)(=O)NC(O)=Nc1nc(OC(F)F)cc(OC(F)F)n1		1
PROPACHLOR	1918-16-7	146.0	CC(C)N(C(=O)CCl)c1ccccc1		1
Prosulfuron	94125-34-5	216.0	COc1nc(C)nc(=NC(O)=NS(=O)(=O)c2ccccc2CCC(F)(F)F)[nH]1		1
Prothioconazole	178928-70-6	231.0	OC(Cc1ccccc1Cl)(Cn1[nH]cnc1=S)C1(Cl)CC1		1
Pyrithione zinc	13463-41-7|1698050-37-1|3590-23-6	0.9166667	[O-][n+]1ccccc1[S-].[O-][n+]1ccccc1[S-].[Zn+2]		1
Quinoxyfen	124495-18-7	150.0	Fc1ccc(Oc2ccnc3cc(Cl)cc(Cl)c23)cc1		1
RESORCINOL	108-46-3	4.0	Oc1cccc(O)c1		1
SARAFLOXACIN	98105-99-8	300.0	O=C(O)c1cn(-c2ccc(F)cc2)c2cc(N3CCNCC3)c(F)cc2c1=O		1
SULPROFOS	35400-43-2	19.5	CCCSP(=S)(OCC)Oc1ccc(SC)cc1		1
TEMEPHOS	3383-96-8	17.2	COP(=S)(OC)Oc1ccc(Sc2ccc(OP(=S)(OC)OC)cc2)cc1		1
TERBUTRYNE	886-50-0	180.0	CCN=c1nc(NC(C)(C)C)[nH]c(SC)n1		1
THIFENSULFURON-METHYL	79277-27-3	53.0	COC(=O)c1sccc1S(=O)(=O)N=C(O)N=c1nc(C)nc(OC)[nH]1		1
THIOBENCARB	28249-77-6	517.0	CCN(CC)C(=O)SCc1ccc(Cl)cc1		1
TRIADIMEFON	43121-43-3	20.0	CC(C)(C)C(=O)C(Oc1ccc(Cl)cc1)n1cncn1		1
Triadimenol	55219-65-3	375.0	CC(C)(C)C(O)C(Oc1ccc(Cl)cc1)n1cncn1		1
TRIBUFOS	37251-32-4|78-48-8	180.0	CCCCSP(=O)(SCCCC)SCCCC		1
TRIBUTYLCHLOROSTANNANE	1461-22-9	165.0	[CH2]CCC.[CH2]CCC.[CH2]CCC.[Cl-].[Sn+]		1
TRIISOPROPANOLAMINE	122-20-3	14.3	CC(O)CN(CC(C)O)CC(C)O		1
TRI-M-CRESYL PHOSPHATE	563-04-2	39.0	Cc1cccc(OP(=O)(Oc2cccc(C)c2)Oc2cccc(C)c2)c1		1
TRIMETHOPRIM	738-70-5	100.0	COc1cc(Cc2c[nH]c(=N)[nH]c2=N)cc(OC)c1OC		1
TRIMETHYLTIN CHLORIDE	1066-45-1	140.0	[CH3].[CH3].[CH3].[Cl-].[Sn+]		1
TRI-O-CRESYL PHOSPHATE	1330-78-5|78-30-8	12.0	Cc1ccccc1OP(=O)(Oc1ccccc1C)Oc1ccccc1C		1
TRI-P-CRESYL PHOSPHATE	78-32-0	6.7	Cc1ccc(OP(=O)(Oc2ccc(C)cc2)Oc2ccc(C)cc2)cc1		1
p, p' - DDT		2291.66666666667	Clc1ccccc1C(c1ccccc1Cl)C(Cl)(Cl)Cl	1,1,1-trichloro-2,2-bis(chlorophenyl)ethane	1
benzo a pyrene		2291.66666666667	c1ccc2c(c1)cc1ccc3cccc4ccc2c1c34	benzo[a]pyrene	1
dibenz(a,h)anthracene	53-70-3	2291.66666666667	c1ccc2c(c1)ccc1cc3c(ccc4ccccc43)cc12		1
benzamide	55-21-0|55738-52-8	22.9166666666667	N=C(O)c1ccccc1		1
tetrachlorometane		708.333333333333	ClC(Cl)(Cl)Cl	tetrachloro methane	1
parathion	56-38-2	70.8333333333333	CCOP(=S)(OCC)Oc1ccc([N+](=O)[O-])cc1		1
benz a anthracene		2291.66666666667	c1ccc2cc3c(ccc4ccccc43)cc2c1	benzo[a]anthracene	1
chlordane	12789-03-6|33442-85-2|5103-71-9|5103-74-2	2291.66666666667	ClC1=C(Cl)C2(Cl)C3C(Cl)C(Cl)CC3C1(Cl)C2(Cl)Cl		1
ethane, 1,1'-oxybis-	60-29-7|667919-88-2	70.8333333333333	CCOCC		1
acetamide	60-35-5|74330-92-0	22.9166666666667	CC(=N)O		1
dieldrin	60-57-1|605-72-1	2291.66666666667	ClC1=C(Cl)[C@]2(Cl)[C@@H]3[C@@H]4C[C@@H]([C@H]5O[C@@H]45)[C@@H]3[C@@]1(Cl)C2(Cl)Cl		1
benzenamine	136260-71-4|62-53-3	70.8333333333333	Nc1ccccc1		1
ethanethioamide	62-55-5	22.9166666666667	CC(=N)S		1
methanamine, n-methyl-n-nitroso-	62-75-9	229.166666666667	CN(C)N=O		1
1-naphthalenol, methylcarbamate	27636-33-5|3197-92-0|63-25-2	70.8333333333333	CN=C(O)Oc1cccc2ccccc12		1
ethanol	42845-45-4|64-17-5|8000-16-6	7.08333333333333	CCO		1
formic acid	64-18-6|82069-14-5	22.9166666666667	O=CO		1
acetic acid	64-19-7|77671-22-8	22.9166666666667	CC(=O)O		1
benzoic acid	14322-82-8|65-85-0	22.9166666666667	O=C(O)c1ccccc1		1
methanol	170082-17-4|67-56-1	7.08333333333333	CO		1
2-propanol	1344575-38-7|67-63-0|8003-15-4	7.08333333333333	CC(C)O		1
2-propanone	67-64-1	22.9166666666667	CC(C)=O		1
methane, trichloro-	67-66-3	708.333333333333	ClC(Cl)Cl		1
ethane, hexachloro-	67-72-1	708.333333333333	ClC(Cl)(Cl)C(Cl)(Cl)Cl		1
benzoic acid, 2-hydroxy-	29656-58-4|69-72-7|8052-31-1	22.9166666666667	O=C(O)c1ccccc1O		1
1-propanol	142583-61-7|62309-51-7|71-23-8	7.08333333333333	CCCO		1
1-butanol	1219794-84-9|35296-72-1|6167-45-9|64118-16-7|71-36-3	7.08333333333333	CCCCO		1
1-pentanol	148587-12-6|30899-19-5|71-41-0	7.08333333333333	CCCCCO		1
benzene	25053-22-9|26181-88-4|3355-34-8|54682-86-9|62485-97-6|71-43-2	70.8333333333333	c1ccccc1		1
methoxychlor	1644449-82-0|72-43-5	229.166666666667	COc1ccc(C(c2ccc(OC)cc2)C(Cl)(Cl)Cl)cc1		1
p,p' - DDE		2291.66666666667	ClC(Cl)=C(c1ccc(Cl)cc1)c1ccc(Cl)cc1	1,1'-(2,2-dichloroethenylidene)bis[4-chloro-benzene]	1
methane, bromochloro-	13590-47-1|74-97-5	229.166666666667	ClCBr		1
ethene, chloro-	1187028-37-0|75-01-4	229.166666666667	C=CCl		1
ethanamine	75-04-7	22.9166666666667	CCN		1
acetaldehyde	75-07-0	7.08333333333333	CC=O		1
methane, dichloro-	75-09-2	708.333333333333	ClCCl		1
methane, bromodichloro-	75-27-4	229.166666666667	ClC(Cl)Br		1
2-propanol, 2-methyl-	25-65-0|75-65-0	22.9166666666667	CC(C)(C)O		1
propanoic acid, 2,2-dichloro-	75-99-0	70.8333333333333	CC(Cl)(Cl)C(=O)O		1
ethane, pentachloro-	76-01-7	708.333333333333	ClC(Cl)C(Cl)(Cl)Cl		1
1-propanol, 2-methyl-	78-83-1	7.08333333333333	CC(C)CO		1
propane, 1,2-dichloro-	78-87-5	708.333333333333	CC(Cl)CCl		1
2-butanone	78-93-3	22.9166666666667	CCC(C)=O		1
ethene, trichloro-	123919-09-5|79-01-6	229.166666666667	ClC=C(Cl)Cl		1
2-propenoic acid	55927-87-2|79-10-7|9063-87-0	22.9166666666667	C=CC(=O)O		1
acetic acid, chloro-	79-11-8	70.8333333333333	O=C(O)CCl		1
acetic acid, methyl ester	79-20-9	22.9166666666667	COC(C)=O		1
ethane, 1,1,2,2-tetrachloro-	79-34-5	708.333333333333	ClC(Cl)C(Cl)Cl		1
2-propenoic acid, 2-methyl-, methyl ester	114512-63-9|143476-91-9|51391-19-6|80-62-6|9065-11-6|97555-82-3	22.9166666666667	C=C(C)C(=O)OC		1
1,2-benzenedicarboxylic acid, diethyl ester	84-66-2	70.8333333333333	CCOC(=O)c1ccccc1C(=O)OCC		1
1,2-benzenedicarboxylic acid, dibutyl ester	84-74-2	70.8333333333333	CCCCOC(=O)c1ccccc1C(=O)OCCCC		1
phenanthrene	85-01-8	708.333333333333	c1ccc2c(c1)ccc1ccccc12		1
1,2-benzenedicarboxylic acid, butyl phenylmethyl ester	85-68-7	70.8333333333333	CCCCOC(=O)c1ccccc1C(=O)OCc1ccccc1		1
benzenamine, n-nitroso-n-phenyl-	382165-80-2|86-30-6	229.166666666667	O=NN(c1ccccc1)c1ccccc1		1
9h-fluorene	86-73-7	708.333333333333	c1ccc2c(c1)Cc1ccccc1-2		1
benzenamine, 2,6-dimethyl-	87-62-7	70.8333333333333	Cc1cccc(C)c1N		1
phenol, 2,4,6-trichloro-	88-06-2	229.166666666667	Oc1c(Cl)cc(Cl)cc1Cl		1
benzene, 1-methyl-2-nitro-	1321-12-6|88-72-2	229.166666666667	Cc1ccccc1[N+](=O)[O-]		1
phenol, 2-nitro-	25154-55-6|78813-12-4|88-75-5	70.8333333333333	O=[N+]([O-])c1ccccc1O		1
1,2-benzenedicarboxylic acid	254110-94-6|57142-78-6|88-99-3	22.9166666666667	O=C(O)c1ccccc1C(=O)O		1
phenol, 2-methoxy-	90-05-1|9009-62-5	22.9166666666667	COc1ccccc1O		1
naphthalene, 1-methyl-	1321-94-4|90-12-0	229.166666666667	Cc1cccc2ccccc12		1
naphthalene	31807-65-5|91-20-3	229.166666666667	c1ccc2ccccc2c1		1
quinoline	15793-82-5|15793-83-6|15793-84-7|15793-85-8|15793-86-9|15793-87-0|31177-31-8|54978-41-5|91-22-5	70.8333333333333	c1ccc2ncccc2c1		1
2-naphthalenamine	612-52-2|91-59-8	70.8333333333333	Nc1ccc2ccccc2c1		1
1,1'-biphenyl		70.8333333333333	c1ccc(-c2ccccc2)cc1		1
1,1'-biphenyl -4,4'-diamine		22.9166666666667	Nc1ccc(-c2ccc(N)cc2)cc1		1
acetic acid, (2,4-dichlorophenoxy)-	64296-19-1|94-75-7	70.8333333333333	O=C(O)COc1ccc(Cl)cc1Cl		1
2,4-dichlorophenoxybutyric acid	94-82-6	22.9166666666667	O=C(O)CCCOc1ccc(Cl)cc1Cl		1
benzo b thiophene		229.166666666667	c1ccc2sccc2c1	benzothiophene	1
benzene, 1,2-dimethyl-	95-47-6	229.166666666667	Cc1ccccc1C		1
phenol, 2-methyl-	95-48-7	7.08333333333333	Cc1ccccc1O		1
benzene, 1,2-dichloro-	95-50-1	708.333333333333	Clc1ccccc1Cl		1
benzenamine, 2-chloro-	27134-26-5|95-51-2	70.8333333333333	Nc1ccccc1Cl		1
benzenamine, 2-methyl-	121536-13-8|68408-22-0|95-53-4	7.08333333333333	Cc1ccccc1N		1
benzene, 1,2,4-trimethyl-	95-36-3|95-63-6	229.166666666667	Cc1ccc(C)c(C)c1		1
benzene, 1,2,4,5-tetramethyl-	15220-27-6|95-93-2	229.166666666667	Cc1cc(C)c(C)cc1C		1
benzene, 1,2,4,5-tetrachloro-	12408-10-5|63697-22-3|95-94-3	708.333333333333	Clc1cc(Cl)c(Cl)cc1Cl		1
phenol, 2,4,5-trichloro-	95-95-4	22.9166666666667	Oc1cc(Cl)c(Cl)cc1Cl		1
oxirane, phenyl-	192506-02-8|25189-69-9|96-09-3	70.8333333333333	c1ccc(C2CO2)cc1		1
propane, 1,2,3-trichloro-	96-18-4	708.333333333333	ClCC(Cl)CCl		1
3-pentanone	96-22-0	22.9166666666667	CCC(=O)CC		1
benzene, (1-methylethyl)-	101316-43-2|98-82-8	229.166666666667	CC(C)c1ccccc1		1
ethanone, 1-phenyl-	98-86-2	22.9166666666667	CC(=O)c1ccccc1		1
benzene, nitro-	98-95-3	229.166666666667	O=[N+]([O-])c1ccccc1		1
benzene, 1-methyl-4-nitro-	99-99-0	229.166666666667	Cc1ccc([N+](=O)[O-])cc1		1
phenol, 4-nitro-	100-02-7	70.8333333333333	O=[N+]([O-])c1ccc(O)cc1		1
benzene, ethyl-	100-41-4|20302-26-5	229.166666666667	CCc1ccccc1		1
benzene, ethenyl-	100-42-5|12770-88-6|25086-18-4|6911-81-5|98444-30-5	70.8333333333333	C=Cc1ccccc1		1
benzenemethanol	100-51-6|185532-71-2|66072-40-0	7.08333333333333	OCc1ccccc1		1
benzene, methoxy-	100-66-3	70.8333333333333	COc1ccccc1		1
benzene, 1,1'-oxybis-	101-84-8|32576-61-7	70.8333333333333	c1ccc(Oc2ccccc2)cc1		1
benzene, propyl-	103-65-1	229.166666666667	CCCc1ccccc1		1
benzeneacetic acid	103-82-2|17303-65-0|51146-16-8	22.9166666666667	O=C(O)Cc1ccccc1		1
phenol, 2,4-dimethyl-	105-67-9	22.9166666666667	Cc1ccc(O)c(C)c1		1
benzene, 1,4-dimethyl-	106-42-3|136777-61-2	229.166666666667	Cc1ccc(C)cc1		1
benzene, 1,4-dichloro-	106-46-7|55232-43-4	708.333333333333	Clc1ccc(Cl)cc1		1
benzenamine, 4-chloro-	106-47-8	22.9166666666667	Nc1ccc(Cl)cc1		1
1,3-butadiene	106-99-0|130983-70-9|1983-06-8|25339-57-5|26952-74-9	70.8333333333333	C=CC=C		1
2-propenal	107-02-8|81788-96-7	7.08333333333333	C=CC=O		1
propanenitrile	107-12-0	70.8333333333333	CCC#N		1
2-propenenitrile	107-13-1|63908-52-1	22.9166666666667	C=CC#N		1
2-propen-1-ol	107-18-6	7.08333333333333	C=CCO		1
1,2-ethanediol	107-21-1	7.08333333333333	OCCO		1
methane, chloromethoxy-	107-30-2	70.8333333333333	COCCl		1
formic acid, methyl ester	107-31-3	22.9166666666667	COC=O		1
2-pentanone	107-87-9	22.9166666666667	CCCC(C)=O		1
butanoic acid	107-92-6	22.9166666666667	CCCC(=O)O		1
acetic acid ethenyl ester	108-05-4|93196-02-2	22.9166666666667	C=COC(C)=O		1
2-pentanone, 4-methyl-	108-10-1	22.9166666666667	CC(=O)CC(C)C		1
benzene, 1,3-dimethyl-	108-38-3	229.166666666667	Cc1cccc(C)c1		1
benzene, 1,3,5-trimethyl-	108-67-8|19121-63-2	229.166666666667	Cc1cc(C)cc(C)c1		1
benzene, 1,3,5-trichloro-	108-70-3|63697-19-8	708.333333333333	Clc1cc(Cl)cc(Cl)c1		1
benzene, bromo-	108-86-1|52753-63-6	708.333333333333	Brc1ccccc1		1
cyclohexane, methyl-	108-87-2	70.8333333333333	CC1CCCCC1		1
benzene, methyl-	108-88-3|25013-04-1	229.166666666667	Cc1ccccc1		1
pyridine, 4-methyl-	108-89-4|69046-49-7|92075-35-9	229.166666666667	Cc1ccncc1		1
benzene, chloro-	108-90-7|50717-45-8	708.333333333333	Clc1ccccc1		1
cyclohexanamine	108-91-8|157973-60-9	7.08333333333333	NC1CCCCC1		1
cyclohexanol	108-93-0	7.08333333333333	OC1CCCCC1		1
cyclohexanone	108-94-1|9075-99-4	22.9166666666667	O=C1CCCCC1		1
phenol	108-95-2|17442-59-0|27073-41-2|63496-48-0|73607-76-8	22.9166666666667	Oc1ccccc1		1
pyridine, 3-methyl-	108-99-6	229.166666666667	Cc1cccnc1		1
acetic acid, propyl ester	109-60-4	22.9166666666667	CCCOC(C)=O		1
pentane	102056-77-9|107949-95-1|109-66-0	229.166666666667	CCCCC		1
1-pentene	109-67-1|25587-78-4	70.8333333333333	C=CCCC		1
1-butanamine	109-73-9	7.08333333333333	CCCCN		1
formic acid, ethyl ester	109-94-4	22.9166666666667	CCOC=O		1
furan, tetrahydro-	109-99-9|24979-97-3	70.8333333333333	C1CCOC1		1
furan	110-00-9|25067-54-3	70.8333333333333	c1ccoc1		1
thiophene	107760-19-0|110-02-1|25233-34-5|51325-05-4	229.166666666667	c1ccsc1		1
2-heptanone	110-43-0	22.9166666666667	CCCCCC(C)=O		1
hexane	110-54-3|478799-92-7|50981-41-4|92112-69-1	229.166666666667	CCCCCC		1
ethene, (2-chloroethoxy)-	110-75-8|29160-08-5	70.8333333333333	C=COCCCl		1
cyclohexane	110-82-7|12217-02-6	70.8333333333333	C1CCCCC1		1
cyclohexene	110-83-8|25012-94-6	70.8333333333333	C1=CCCCC1		1
pyridine	110-86-1|29761-81-7	229.166666666667	c1ccncc1		1
1-hexanol	111-27-3|25917-35-5	7.08333333333333	CCCCCCO		1
ethanol, 2,2'-iminobis-	111-42-2	22.9166666666667	OCCNCCO		1
propane, 1,1'-oxybis-	111-43-3	70.8333333333333	CCCOCCC		1
ethane, 1,1'-oxybis 2-chloro-		70.8333333333333	ClCCOCCCl	1,1'-oxybis(2-chloroethane)	1
octane	111-65-9|31372-91-5|9065-92-3	229.166666666667	CCCCCCCC		1
1-octene	111-66-0|26746-84-9	70.8333333333333	C=CCCCCCC		1
1-octanol	111-87-5|220713-26-8|29063-28-3	7.08333333333333	CCCCCCCCO		1
dodecane	112-40-3|93685-81-5	229.166666666667	CCCCCCCCCCCC		1
propoxur	114-26-1	70.8333333333333	CN=C(O)Oc1ccccc1OC(C)C		1
methane, oxybis-	115-10-6|157621-61-9	70.8333333333333	COC		1
aldicarb	116-06-3	708.333333333333	CN=C(O)ON=CC(C)(C)SC		1
HCB	118-74-1	2291.66666666667	Clc1c(Cl)c(Cl)c(Cl)c(Cl)c1Cl		1
benzoic acid, 2-methyl-	118-90-1|25567-10-6|442197-98-0	22.9166666666667	Cc1ccccc1C(=O)O		1
benzoic acid, 2-chloro-	118-91-2|26264-09-5	229.166666666667	O=C(O)c1ccccc1Cl		1
methanone, diphenyl-	119-61-9	22.9166666666667	O=C(c1ccccc1)c1ccccc1		1
anthracene	120-12-7|54261-80-2	708.333333333333	c1ccc2cc3ccccc3cc2c1		1
1,2-benzenediol	120-80-9|12385-08-9|26982-53-6	22.9166666666667	Oc1ccccc1O		1
benzene, 1,2,4-trichloro-	104810-41-5|120-82-1|63697-18-7	708.333333333333	Clc1ccc(Cl)c(Cl)c1		1
phenol, 2,4-dichloro-	120-83-2|3317-66-6	70.8333333333333	Oc1ccc(Cl)cc1Cl		1
benzene, 1-methyl-2,4-dinitro-	121-14-2|1326-41-6|84029-42-5	229.166666666667	Cc1ccc([N+](=O)[O-])cc1[N+](=O)[O-]		1
benzenamine, n,n-dimethyl-	101357-19-1|121-69-7|86362-18-7	70.8333333333333	CN(C)c1ccccc1		1
malathion	121-75-5	22.9166666666667	CCOC(=O)CC(SP(=S)(OC)OC)C(=O)OCC		1
1,3,5-triazine-2,4-diamine, 6-chloro-n,n'-diethyl-	122-34-9	229.166666666667	CCN=c1nc(Cl)[nH]c(=NCC)[nH]1		1
benzenamine, n-phenyl-	122-39-4|25656-57-9	70.8333333333333	c1ccc(Nc2ccccc2)cc1		1
propanal	123-38-6|25722-18-3	7.08333333333333	CCC=O		1
butanal	123-72-8|27789-14-6	7.08333333333333	CCCC=O		1
acetic acid, butyl ester	123-86-4	22.9166666666667	CCCCOC(C)=O		1
1,4-dioxane	123-91-1|28552-22-9	70.8333333333333	C1COCCO1		1
decane	116372-01-1|124-18-5|63335-87-5	229.166666666667	CCCCCCCCCC		1
methanamine, n-methyl-	124-40-3|20786-94-1	22.9166666666667	CNC		1
1,3-butadiene, 2-chloro-	126-99-8	229.166666666667	C=CC(=C)Cl		1
pyrene	129-00-0|1346601-04-4|41496-25-7	2291.66666666667	c1cc2ccc3cccc4ccc(c1)c2c34		1
1,2-benzenedicarboxylic acid, dimethyl ester	131-11-3	70.8333333333333	COC(=O)c1ccccc1C(=O)OC		1
dibenzofuran	132-64-9	229.166666666667	c1ccc2c(c1)oc1ccccc12		1
1-naphthalenamine	134-32-7|25168-10-9	70.8333333333333	Nc1cccc2ccccc12		1
thioperoxydicarbonic diamide, tetramethyl-	137-26-8	70.8333333333333	CN(C)C(=S)SSC(=S)N(C)C		1
ethanol, 2-amino-	12220-07-4|12220-09-6|141-43-5	7.08333333333333	NCCO		1
acetic acid ethyl ester	141-78-6	22.9166666666667	CCOC(C)=O		1
cyclopentene	10016-46-3|142-29-0|29300-20-7	70.8333333333333	C1=CCCC1		1
hexanoic acid	142-62-1|56279-38-0	22.9166666666667	CCCCCC(=O)O		1
perylene	198-55-0|69736-15-8	2291.66666666667	c1cc2cccc3c4cccc5cccc(c(c1)c23)c54		1
fluoranthene	206-44-0|76774-50-0	2291.66666666667	c1ccc2c(c1)-c1cccc3cccc-2c13		1
benzo(k)fluoranthene	207-08-9	2291.66666666667	c1ccc2cc3c(cc2c1)-c1cccc2cccc-3c12		1
chrysene	218-01-9|65777-08-4	2291.66666666667	c1ccc2c(c1)ccc1c3ccccc3ccc21		1
cyclopentane	287-92-3	70.8333333333333	C1CCCC1		1
cyclo-octane		70.8333333333333	C1CCCCCCC1		1
parathion methyl	298-00-0	70.8333333333333	COP(=S)(OC)Oc1ccc([N+](=O)[O-])cc1		1
aldrin	309-00-2	2291.66666666667	ClC1=C(Cl)[C@]2(Cl)[C@H]3[C@H]([C@@H]4C=C[C@H]3C4)[C@@]1(Cl)C2(Cl)Cl		1
diuron	330-54-1	229.166666666667	CN(C)C(O)=Nc1ccc(Cl)c(Cl)c1		1
linuron	330-55-2|56645-87-5	229.166666666667	CON(C)C(O)=Nc1ccc(Cl)c(Cl)c1		1
diazinon	333-41-5	229.166666666667	CCOP(=S)(OCC)Oc1cc(C)nc(C(C)C)n1		1
benzene, fluoro-	462-06-6	70.8333333333333	Fc1ccccc1		1
1h-indene, 2,3-dihydro-	496-11-7|56573-11-6	229.166666666667	c1ccc2c(c1)CCC2		1
benzene, 1,2,3-trimethyl-	25551-13-7|526-73-8	229.166666666667	Cc1cccc(C)c1C		1
phenol, 2-methyl-4,6-dinitro-	534-52-1	229.166666666667	Cc1cc([N+](=O)[O-])cc([N+](=O)[O-])c1O		1
benzene, 1,3-dichloro-	541-73-1|63697-17-6	708.333333333333	Clc1cccc(Cl)c1		1
2,3-dimethylnaphthalene	581-40-8	229.166666666667	Cc1cc2ccccc2cc1C		1
benzene, iodo-	51209-48-4|591-50-4	708.333333333333	Ic1ccccc1		1
2-hexanone	30637-87-7|591-78-6	22.9166666666667	CCCCC(C)=O		1
acetic acid, 2-propenyl ester	29467-34-3|591-87-7	22.9166666666667	C=CCOC(C)=O		1
1,4-pentadiene	591-93-5	70.8333333333333	C=CCC=C		1
formic acid, butyl ester	592-84-7	22.9166666666667	CCCCOC=O		1
benzene, pentachloro-	608-93-5	708.333333333333	Clc1cc(Cl)c(Cl)c(Cl)c1Cl		1
1-propanamine, n-nitroso-n-propyl-	621-64-7	229.166666666667	CCCN(CCC)N=O		1
3-butenoic acid	28391-17-5|625-38-7	22.9166666666667	C=CCC(=O)O		1
1,4-cyclohexadiene	628-41-1	70.8333333333333	C1=CCC=CC1		1
acetic acid, pentyl ester	628-63-7|828-63-7	22.9166666666667	CCCCCOC(C)=O		1
benzene, 1,2,3,4-tetrachloro-	13280-72-3|634-66-2|63697-20-1	708.333333333333	Clc1ccc(Cl)c(Cl)c1Cl		1
benzene, 1,2,3,5-tetrachloro-	634-90-2|63697-21-2	708.333333333333	Clc1cc(Cl)c(Cl)c(Cl)c1		1
1-hexyne	26856-30-4|28827-85-2|693-02-7	70.8333333333333	C#CCCCC		1
carbamothioic acid, dipropyl-, s-ethyl ester	759-94-4	70.8333333333333	CCCN(CCC)C(=O)SCC		1
1-ethylnaphthalene	1127-76-0|27138-19-8|29793-40-6	229.166666666667	CCc1cccc2ccccc12		1
carbofuran	1563-66-2	70.8333333333333	CN=C(O)Oc1cccc2c1OC(C)(C)C2		1
trifluralin	1582-09-8|71281-30-6	229.166666666667	CCCN(CCC)c1c([N+](=O)[O-])cc(C(F)(F)F)cc1[N+](=O)[O-]		1
propane, 2-methoxy-2-methyl-	1219795-06-8|1634-04-4	70.8333333333333	COC(C)(C)C		1
2,3,7,8-TCDD	1746-01-6|56795-67-6	2291.66666666667	Clc1cc2c(cc1Cl)Oc1cc(Cl)c(Cl)cc1O2		1
atrazine	102029-43-6|1912-24-9	70.8333333333333	CCN=c1nc(Cl)[nH]c(=NC(C)C)[nH]1		1
dicamba	1918-00-9|62610-39-3|89300-29-8	70.8333333333333	COc1c(Cl)ccc(Cl)c1C(=O)O		1
decachlorobiphenyl		2291.66666666667	Clc1c(Cl)c(Cl)c(-c2c(Cl)c(Cl)c(Cl)c(Cl)c2Cl)c(Cl)c1Cl		1
3 chlorobiphenyl		708.333333333333	Clc1cccc(-c2ccccc2)c1		1
diallate	17708-57-5|2303-16-4	229.166666666667	CC(C)N(C(=O)SCC(Cl)=CCl)C(C)C		1
triallate	2303-17-5	22.9166666666667	CC(C)N(C(=O)SCC(Cl)=C(Cl)Cl)C(C)C		1
2-methoxytetrachlorophenol	2539-17-5|97331-56-1	229.166666666667	COc1c(O)c(Cl)c(Cl)c(Cl)c1Cl		1
octachlorodibenzo-p-dioxin	3268-87-9	2291.66666666667	Clc1c(Cl)c(Cl)c2c(c1Cl)Oc1c(Cl)c(Cl)c(Cl)c(Cl)c1O2		1
o,p' DDE	3424-82-6	2291.66666666667	ClC(Cl)=C(c1ccc(Cl)cc1)c1ccccc1Cl		1
2,8-dichlorodibenzofuran	5409-83-6	708.333333333333	Clc1ccc2oc3ccc(Cl)cc3c2c1		1
benzene, 1-chloro-4-phenoxy-	55398-86-2|7005-72-3	70.8333333333333	Clc1ccc(Oc2ccccc2)cc1		1
mecoprop	7085-19-0|93-65-2	70.8333333333333	Cc1cc(Cl)ccc1OC(C)C(=O)O		1
toxaphene	1852481-29-8|8001-35-2	2291.66666666667	C=C1C(CCl)(CCl)C2(Cl)C(Cl)C(Cl)C1(Cl)C2(Cl)Cl		1
benomyl	17804-35-2	229.166666666667	CCCCN=C(O)n1c(N=C(O)OC)nc2ccccc21		1
2,3,4-trichlorobiphenyl		2291.66666666667	Clc1ccc(-c2ccccc2)c(Cl)c1Cl		1
2,3,3',4',5'-pentachlorobiphenyl		2291.66666666667	Clc1cc(-c2cccc(Cl)c2Cl)cc(Cl)c1Cl		1
2,2' dichloro 4 methylbiphenyl		708.333333333333	Cc1ccc(-c2ccccc2Cl)c(Cl)c1		1
3,3',4,4',5,5'-hexachlorobiphenyl		2291.66666666667	Clc1cc(-c2cc(Cl)c(Cl)c(Cl)c2)cc(Cl)c1Cl		1
2,2',3,3',4,5,6-heptachlorobiphenyl		2291.66666666667	Clc1cccc(-c2c(Cl)c(Cl)c(Cl)c(Cl)c2Cl)c1Cl		1
1,2,3,4-tetrachlorodibenzo-p-dioxin	30746-58-8	2291.66666666667	Clc1c(Cl)c(Cl)c2c(c1Cl)Oc1ccccc1O2		1
isopropalin	33820-53-0	229.166666666667	CCCN(CCC)c1c([N+](=O)[O-])cc(C(C)C)cc1[N+](=O)[O-]		1
2,7-dichlorodibenzo-p-dioxin	33857-26-0	708.333333333333	Clc1ccc2c(c1)Oc1ccc(Cl)cc1O2		2
1,2,3,4,6,7,8-heptchlorodibenzo-p-dioxin		2291.66666666667	Clc1cc2c(c(Cl)c1Cl)Oc1c(Cl)c(Cl)c(Cl)c(Cl)c1O2		1
2,8-dichlorodibenzo-p-dioxin	38964-22-6	708.333333333333	Clc1ccc2c(c1)Oc1cc(Cl)ccc1O2		1
octachlorodibenzofuran	39001-02-0	2291.66666666667	Clc1c(Cl)c(Cl)c2c(oc3c(Cl)c(Cl)c(Cl)c(Cl)c32)c1Cl		1
1,2,4-trichlorodibenzo-p-dioxin	39227-58-2	708.333333333333	Clc1cc(Cl)c2c(c1Cl)Oc1ccccc1O2		1
1,2,3,4,7-pentachlorodibenzo-p-dioxin	39227-61-7	2291.66666666667	Clc1ccc2c(c1)Oc1c(Cl)c(Cl)c(Cl)c(Cl)c1O2		1
2,3,7,8-TCDF	51207-31-9	2291.66666666667	Clc1cc2oc3cc(Cl)c(Cl)cc3c2cc1Cl		1
metolachlor	51218-45-2|82535-90-8	229.166666666667	CCc1cccc(C)c1N(C(=O)CCl)C(C)COC		1
2,2',3,3',4,5,5',6,6'-nonachlorobiphenyl		2291.66666666667	Clc1cc(Cl)c(Cl)c(-c2c(Cl)c(Cl)c(Cl)c(Cl)c2Cl)c1Cl		1
PCB 28*		708.333333333333	Clc1ccc(-c2ccc(Cl)cc2Cl)cc1	2,4,4'-Trichlorobiphenyl	1
PCB 101*		2291.66666666667	Clc1ccc(Cl)c(-c2cc(Cl)c(Cl)cc2Cl)c1	2,2',4,5,5'-Pentachlorobiphenyl	1
PCB 180*		7083.33333333333	Clc1cc(Cl)c(-c2cc(Cl)c(Cl)c(Cl)c2Cl)cc1Cl	2,2',3,4,4',5,5'-Heptachlorobiphenyl	1
p-cresol*		2.25	Cc1ccc(O)cc1	p-cresol	1
