Compound	CAS	T_half_water_days	Canonical_smiles	Corrected_names	n_sources
1,1,1-TRICHLOROETHANE	25323-89-1|71-55-6|90229-85-9	231.0	CC(Cl)(Cl)Cl		1
1,1-DICHLOROETHYLENE	75-35-4	450.0	C=C(Cl)Cl		1
1,2-BUTADIENE	590-19-2	7.0	C=C=CC		1
1,3-DIMETHYLOL-5,5-DIMETHYLHYDANTOIN	6440-58-0	24.0	CC1(C)C(=O)N(CO)C(=O)N1CO		1
1,3-DINITROBENZENE	25154-54-5|99-65-0	1.0	O=[N+]([O-])c1cccc([N+](=O)[O-])c1		1
1,3-PENTADIENE	2004-70-8|41050-31-1|504-60-9	28.0	C=CC=CC		1
1,4-HEXADIENE	592-45-0|7319-00-8	28.0	C=CCC=CC		1
1-DECANOL	112-30-1|321901-80-8|36729-58-5|64641-46-9|85566-12-7	4.0	CCCCCCCCCCO		1
1-HEPTANOL	111-70-6|1219804-99-5|53535-33-4	0.23	CCCCCCCO		1
1-Methoxy-2-propyl acetate	108-65-6	5.5	COCC(C)OC(C)=O		1
1-NONANOL	143-08-8|28473-21-4	1.2	CCCCCCCCCO		1
1-PROPOXY-2-PROPANOL	1569-01-3	10.5	CCCOCC(C)O		1
1-TETRADECANOL	112-72-1|27196-00-5	5.5	CCCCCCCCCCCCCCO		1
1-TRIDECANOL	112-70-9|26248-42-0|80206-82-2	5.6	CCCCCCCCCCCCCO		1
1-UNDECANOL	112-42-5|143819-62-9|30207-98-8	4.7	CCCCCCCCCCCO		1
2,3-DICHLOROPHENOL	25167-81-1|576-24-9	24.0	Oc1cccc(Cl)c1Cl		1
2,4,6-TRICHLOROANILINE	634-93-5	3.36	Nc1c(Cl)cc(Cl)cc1Cl		1
2,4-D BUTOXYETHYL ESTER	1929-73-3	0.96	CCCCOCCOC(=O)COc1ccc(Cl)cc1Cl		1
2,4-D, DIMETHYLAMINE	2008-39-1	11.0	CNC.O=C(O)COc1ccc(Cl)cc1Cl		1
2,4-Dinitrophenol	1326-82-5|25550-58-7|51-28-5	68.0	O=[N+]([O-])c1ccc(O)c([N+](=O)[O-])c1		1
2,4-DINONYLPHENOL	137-99-5	58.0	CCCCCCCCCc1ccc(O)c(CCCCCCCCC)c1		1
2,6-DI-T-BUTYL-P-BENZOQUINONE	719-22-2	3.4	CC(C)(C)C1=CC(=O)C=C(C(C)(C)C)C1=O		1
2-BROMOPHENOL	32762-51-9|95-56-7	11.6	Oc1ccccc1Br		1
2-CHLORO-5-NITROANILINE	6283-25-6	0.41	Nc1cc([N+](=O)[O-])ccc1Cl		1
2-CHLOROPHENOL	25167-80-0|95-57-8	5.83	Oc1ccccc1Cl		1
2-Hydroxy-4-methoxybenzophenone	131-57-7	10.7	COc1ccc(C(=O)c2ccccc2)c(O)c1		1
2-NITROANILINE	38500-40-2|88-74-4	1.29	Nc1ccccc1[N+](=O)[O-]		1
3,4-DICHLOROPHENOL	95-77-2	41.0	Oc1ccc(Cl)c(Cl)c1		1
3,5-DICHLOROPHENOL	591-35-5	14.0	Oc1cc(Cl)cc(Cl)c1		1
3-Aminotoluene	108-44-1	0.17	Cc1cccc(N)c1		1
3-BROMOPHENOL	591-20-8	147.0	Oc1cccc(Br)c1		1
3-CHLOROPHENOL	108-43-0	36.0	Oc1cccc(Cl)c1		1
3-Chloro-p-toluidine	827571-80-2|95-74-9	0.0625	Cc1ccc(N)cc1Cl		1
3-NITROANILINE	99-09-2	1.125	Nc1cccc([N+](=O)[O-])c1		1
4,4'-THIOBISBENZENAMINE	139-65-1	0.5	Nc1ccc(Sc2ccc(N)cc2)cc1		1
4,5-Dichloro-2-octyl-3-isothiazolone	64359-81-5	1.0	CCCCCCCCn1sc(Cl)c(Cl)c1=O		1
4-BROMOANILINE	106-40-1	4.125	Nc1ccc(Br)cc1		1
4-FLUOROANILINE	371-40-4	4.125	Nc1ccc(F)cc1		1
4-METHOXYPHENOL	150-76-5	0.9375	COc1ccc(O)cc1		1
4-METHYL-2-PENTANOL	108-11-2	0.7083	CC(C)CC(C)O		1
4-NITRO-3-TRIFLUOROMETHYLPHENOL	88-30-2	5.4	O=[N+]([O-])c1ccc(O)cc1C(F)(F)F		1
4-NITROANILINE	100-01-6	1.29166	Nc1ccc([N+](=O)[O-])cc1		1
4-NITROBENZOIC ACID	62-23-7	7.0833	O=C(O)c1ccc([N+](=O)[O-])cc1		1
5,5-DIMETHYLHYDANTOIN	77-71-4	194.0	CC1(C)N=C(O)N=C1O		1
5-Chloro-2-methyl-4-isothiazolin-3-one	26172-55-4	17.0	Cn1sc(Cl)cc1=O		1
ACETAMINOPHEN	103-90-2	58.33	CC(O)=Nc1ccc(O)cc1		1
ACETOCHLOR	123113-74-6|34256-82-1	0.71666	CCOCN(C(=O)CCl)c1c(C)cccc1CC		1
ACETONE CYANOHYDRIN	75-86-5	0.00625	CC(C)(O)C#N		1
ACETONITRILE	148642-19-7|75-05-8	1.2	CC#N		1
ACIBENZOLAR-S-METHYL	135158-54-2	1.0	CSC(=O)c1cccc2nnsc12		1
ACYCLOVIR	141294-79-3|59277-89-3|88713-38-6	0.2208333	N=c1nc(O)c2ncn(COCCO)c2[nH]1		1
ALACHLOR	1246817-91-3|15972-60-8	518.0	CCc1cccc(CC)c1N(COC)C(=O)CCl		1
ALPHACYPERMETHRIN	65731-84-2|67375-30-8|72204-44-5	14.0	CC1(C)[C@H](C(=O)O[C@H](C#N)c2cccc(Oc3ccccc3)c2)[C@@H]1C=C(Cl)Cl		1
AMINOCARB	2032-59-9	17.3	CN=C(O)Oc1ccc(N(C)C)c(C)c1		1
Aminocyclopyrachlor	858955-50-7|858956-08-8	100.0	N=c1[nH]c(C2CC2)nc(C(=O)O)c1Cl		1
Anatoxin A	64285-06-9	5.0	CC(=O)C1=CCC[C@@H]2CC[C@H]1N2		1
AZINPHOS ETHYL	2642-71-9	65.0	CCOP(=S)(OCC)SCn1nnc2ccccc2c1=O		1
AZINPHOSMETHYL	86-50-0	42.0	COP(=S)(OC)SCn1nnc2ccccc2c1=O		1
BENZENESULFONIC ACID	98-11-3	7.5	O=S(=O)(O)c1ccccc1		1
Benzoyl chloride	98-88-4	0.000173611	O=C(Cl)c1ccccc1		1
BIS(2-ETHYLHEXYL) ADIPATE	103-23-1|2072051-04-6|70147-21-6	2.7	CCCCC(CC)COC(=O)CCCCC(=O)OCC(CC)CCCC		1
BIS(TRIBUTYLTIN) OXIDE	56-35-9	140.0	[CH2]CCC.[CH2]CCC.[CH2]CCC.[CH2]CCC.[CH2]CCC.[CH2]CCC.[O].[Sn].[Sn]		1
Bisphenol A	102438-62-0|25766-59-0|80-05-7	4.0	CC(C)(c1ccc(O)cc1)c1ccc(O)cc1		1
BUTACHLOR	23184-66-9	1.12	CCCCOCN(C(=O)CCl)c1c(CC)cccc1CC		1
BUTYLPARABEN	94-26-8	9.6	CCCCOC(=O)c1ccc(O)cc1		1
CAFFEINE	114303-55-8|58-08-2|95789-13-2	0.8	Cn1c(=O)c2c(ncn2C)n(C)c1=O		1
CARBAMAZEPINE	298-46-4	63.0	N=C(O)N1c2ccccc2C=Cc2ccccc21		1
Carbazole	51555-21-6|86-74-8	0.2566667	c1ccc2c(c1)[nH]c1ccccc12		1
CARFENTRAZONE-ETHYL	128639-02-1	1.5	CCOC(=O)C(Cl)Cc1cc(-n2nc(C)n(C(F)F)c2=O)c(F)cc1Cl		1
Cedrol	22567-44-8|77-53-2	2.9	C[C@@H]1CC[C@H]2C(C)(C)[C@H]3C[C@@]12CC[C@@]3(C)O		1
CHLORANIL	118-75-2	6.0	O=C1C(Cl)=C(Cl)C(=O)C(Cl)=C1Cl		1
CHLORPROPHAM	101-21-3	2208.0	CC(C)OC(O)=Nc1cccc(Cl)c1		1
Clothianidin	205510-53-8|210880-92-5	27.0	CN=C(NCc1cnc(Cl)s1)N[N+](=O)[O-]		1
Copper naphthenate		90.0	CCC1CCC(CCC(=O)[O-])C1.CCC1CCC(CCC(=O)[O-])CC1.[Cu+2]		1
CRESOL		29.0	Cc1ccccc1O		2
Cylindrospermopsin	143545-90-8	2.4	C[C@H]1[C@@H](OS(=O)(=O)O)C[C@@H]2C[C@H]([C@@H](O)c3cc(O)nc(O)n3)NC3=NC[C@H]1N32		1
CYMOXANIL	166900-80-7|57966-95-7	100.0	CCN=C(O)N=C(O)C(C#N)=NOC		1
CYPRAZINE	22936-86-3	191.0	CC(C)N=c1nc(Cl)[nH]c(=NC2CC2)[nH]1		1
DECYLBENZENE	104-72-3	11.4	CCCCCCCCCCc1ccccc1		2
DIAZEPAM	11100-37-1|439-14-5	365.0	CN1C(=O)CN=C(c2ccccc2)c2cc(Cl)ccc21		1
DIBENZOTHIOPHENE	132-65-0	72.4	c1ccc2c(c1)sc1ccccc12		2
DIBENZYL ETHER	103-50-4	0.4	c1ccc(COCc2ccccc2)cc1		1
DIBUTYL PHENYL PHOSPHATE	2528-36-1	3.5	CCCCOP(=O)(OCCCC)Oc1ccccc1		1
DICHLOBENIL	104809-79-2|1194-65-6	1022.0	N#Cc1c(Cl)cccc1Cl		1
DICHLOROFLUOROMETHANE	75-43-4	30.0	FC(Cl)Cl		1
DIDECYL PHTHALATE	84-77-5	1.4	CCCCCCCCCCOC(=O)c1ccccc1C(=O)OCCCCCCCCCC		1
DIETHYLAMINE	109-89-7	0.9	CCNCC		1
Diethylene glycol dinitrate	693-21-0	40.0	O=[N+]([O-])OCCOCCO[N+](=O)[O-]		1
DIETHYLENE GLYCOL MONOETHYL ETHER	111-90-0|149818-01-9	0.1625	CCOCCOCCO		1
DIETHYLENE GLYCOL MONOMETHYL ETHER	111-77-3	16.0	COCCOCCO		1
DIETHYLENE GLYCOL MONO-N-BUTYL ETHER	112-34-5	0.07916667	CCCCOCCOCCO		1
Difenoconazole	119446-68-3	240.0	CC1COC(Cn2cncn2)(c2ccc(Oc3ccc(Cl)cc3)cc2Cl)O1		1
DIFLUBENZURON	35367-38-5	32.0	O=C(N=C(O)c1c(F)cccc1F)Nc1ccc(Cl)cc1		1
DIFLUFENZOPYR	109293-97-2|1957168-02-3	26.0	CC(=NNC(O)=Nc1cc(F)cc(F)c1)c1ncccc1C(=O)O		1
DIHEPTYL PHTHALATE	3648-21-3	8.0	CCCCCCCOC(=O)c1ccccc1C(=O)OCCCCCCC		1
DIISOBUTYL PHTHALATE	84-69-5	0.87	CC(C)COC(=O)c1ccccc1C(=O)OCC(C)C		1
DIISODECYL PHTHALATE	119394-45-5|19269-67-1|26761-40-0|89-16-7	23.0	CC(C)CCCCCCCOC(=O)c1ccccc1C(=O)OCCCCCCCC(C)C		1
Dimethenamid-P	163515-14-8	33.4	COC[C@H](C)N(C(=O)CCl)c1c(C)csc1C		1
DIMETHOATE	60-51-5	219.0	CN=C(O)CSP(=S)(OC)OC		1
DIMETHYL TEREPHTHALATE	120-61-6	58.0	COC(=O)c1ccc(C(=O)OC)cc1		1
DIMETHYL TETRACHLOROTEREPHTHALATE	1861-32-1	289.0	COC(=O)c1c(Cl)c(Cl)c(C(=O)OC)c(Cl)c1Cl		1
DIMETHYLDIOCTADECYLAMMONIUM CHLORIDE	107-64-2|134971-29-2|76723-98-3	13.8	CCCCCCCCCCCCCCCCCC[N+](C)(C)CCCCCCCCCCCCCCCCCC.[Cl-]		1
DI-N-OCTYL ADIPATE	123-79-5	2.7	CCCCCCCCOC(=O)CCCCC(=O)OCCCCCCCC		1
DI-N-OCTYL PHTHALATE	117-84-0|8031-29-6	20.775	CCCCCCCCOC(=O)c1ccccc1C(=O)OCCCCCCCC		1
DINONYL PHTHALATE	84-76-4	8.0	CCCCCCCCCOC(=O)c1ccccc1C(=O)OCCCCCCCCC		1
DIPHENYL-2-ETHYLHEXYL PHOSPHATE	1241-94-7	5.3	CCCCC(CC)COP(=O)(Oc1ccccc1)Oc1ccccc1		1
DIPROPYLENE GLYCOL		164.0	CC(O)COC(C)CO		1
DISULFOTON	298-04-4	41.0	CCOP(=S)(OCC)SCCSCC		1
DOCOSANOIC ACID	112-85-6	1.7	CCCCCCCCCCCCCCCCCCCCCC(=O)O		1
DODECYLBENZENE	123-01-3|25265-78-5|29986-57-0	10.0	CCCCCCCCCCCCc1ccccc1		1
ENDOSULFAN	115-29-7	8.0	O=S1OCC2C(CO1)C1(Cl)C(Cl)=C(Cl)C2(Cl)C1(Cl)Cl		1
ETHALFLURALIN	55283-68-6|69481-52-3	2.0	C=C(C)CN(CC)c1c([N+](=O)[O-])cc(C(F)(F)F)cc1[N+](=O)[O-]		1
ETHANE	74-84-0	87.0	CC		1
ETHION	563-12-2	26.0	CCOP(=S)(OCC)SCSP(=S)(OCC)OCC		1
ETHYLPARABEN	120-47-8|9001-05-2	14.0	CCOC(=O)c1ccc(O)cc1		1
FAMOXADONE	131807-57-3	1.0	CC1(c2ccc(Oc3ccccc3)cc2)OC(=O)N(Nc2ccccc2)C1=O		1
FENTHION	55-38-9	46.9	COP(=S)(OC)Oc1ccc(SC)c(C)c1		1
FENVALERATE	51630-58-1	41.0	CC(C)C(C(=O)OC(C#N)c1cccc(Oc2ccccc2)c1)c1ccc(Cl)cc1		1
Flubendiamide	272451-65-7	365.0	Cc1cc(C(F)(C(F)(F)F)C(F)(F)F)ccc1NC(=O)c1cccc(I)c1C(O)=NC(C)(C)CS(C)(=O)=O		1
Flucarbazone-sodium		104.0	COc1nn(C([O-])=NS(=O)(=O)c2ccccc2OC(F)(F)F)c(=O)n1C.[Na+]		1
FLUCYTHRINATE	70124-77-5	16.0	CC(C)C(C(=O)OC(C#N)c1cccc(Oc2ccccc2)c1)c1ccc(OC(F)F)cc1		1
FLURIDONE	59756-60-4	90.0	Cn1cc(-c2ccccc2)c(=O)c(-c2cccc(C(F)(F)F)c2)c1		1
Flutolanil	66332-96-5	365.0	CC(C)Oc1cccc(N=C(O)c2ccccc2C(F)(F)F)c1		1
Foramsulfuron	173159-57-4	76.0	COc1cc(OC)nc(N=C(O)NS(=O)(=O)c2cc(N=CO)ccc2C(=O)N(C)C)n1		1
FORMALDEHYDE	30525-89-4|50-00-0|53026-80-5|8013-13-6	17.3	C=O		1
Fumaric acid	110-17-8|6915-18-0	55.0	O=C(O)C=CC(=O)O		1
Gentian Violet	548-62-9	14.4	CN(C)c1ccc(C(=C2C=CC(=[N+](C)C)C=C2)c2ccc(N(C)C)cc2)cc1.[Cl-]		1
HEXABROMOCYCLODODECANE		32.0	BrC1(Br)CCCCCCCCCC(Br)(Br)C1(Br)Br		1
HEXACHLORO-1,3-BUTADIENE	87-68-3	300.0	ClC(Cl)=C(Cl)C(Cl)=C(Cl)Cl		1
HEXACHLORONAPHTHALENE	1335-87-1|58877-88-6	60.0	Clc1ccc2c(Cl)c(Cl)c(Cl)c(Cl)c2c1Cl		1
HEXADECANE	544-76-3	77.0	CCCCCCCCCCCCCCCC		3
IBUPROFEN	15687-27-1|58560-75-1	20.0	CC(C)Cc1ccc(C(C)C(=O)O)cc1		1
INDOMETHACIN	53-86-1	17.9	COc1ccc2c(c1)c(CC(=O)O)c(C)n2C(=O)c1ccc(Cl)cc1		1
ISOAMYL ALCOHOL	123-51-3|6423-06-9	15.0	CC(C)CCO		1
ISODECYL DIPHENYL PHOSPHATE	1346599-15-2|29761-21-5	11.0	CC(C)CCCCCCCOP(=O)(Oc1ccccc1)Oc1ccccc1		1
ISOFENPHOS	103982-06-5|103982-07-6|25311-71-1	11.9	CCOP(=S)(NC(C)C)Oc1ccccc1C(=O)OC(C)C		1
Isopentane	13221-81-3|2492-33-3|78-78-4	2.4	CCC(C)C		2
ISOPHORONE	78-59-1	25.0	CC1=CC(=O)CC(C)(C)C1		1
LINCOMYCIN	154-21-2	14.0	CCC[C@@H]1C[C@@H](C(O)=N[C@@H]([C@H]2O[C@H](SC)[C@H](O)[C@@H](O)[C@H]2O)[C@@H](C)O)N(C)C1		1
LINOLEIC ACID	30175-49-6|60-33-3|8024-22-4|80969-37-5|85594-37-2	1.25	CCCCCC=CCC=CCCCCCCCC(=O)O		1
MALEIC ANHYDRIDE	108-31-6|184288-31-1	0.002305555	O=C1C=CC(=O)O1		1
m-CRESOL	108-39-4	49.0	Cc1cccc(O)c1		1
METHIDATHION	950-37-8	12.42	COc1nn(CSP(=S)(OC)OC)c(=O)s1		1
METHOPRENE	36557-27-4|40596-69-8|41205-06-5|52020-07-2	35.0	COC(C)(C)CCCC(C)CC=CC(C)=CC(=O)OC(C)C		1
METHYL BENZOATE	93-58-3	412.0	COC(=O)c1ccccc1		1
METHYL CHLORIDE	2108-20-5|74-87-3	11.0	CCl		1
METHYLHYDRAZINE	20244-39-7|60-34-4	12.0	CNN		1
Methylisothiazolinone	2682-20-4	9.0	Cn1sccc1=O		1
METHYLPARABEN	99-76-3	1.466667	COC(=O)c1ccc(O)cc1		1
Microcystin-LR	101043-37-2|98226-43-8	14.0	C=C1C(O)=N[C@H](C)C(O)=N[C@@H](CC(C)C)C(O)=N[C@@H](C(=O)O)[C@H](C)C(O)=N[C@@H](CCCNC(=N)N)C(O)=N[C@@H](C=CC(C)=C[C@H](C)[C@H](Cc2ccccc2)OC)[C@H](C)C(O)=N[C@@H](C(=O)O)CCC(=O)N1C		1
MYRISTIC ACID	32112-52-0|544-63-8|62217-70-3	1.25	CCCCCCCCCCCCCC(=O)O		1
n-Eicosane	112-95-8	2.8	CCCCCCCCCCCCCCCCCCCC		2
NITRILOTRIACETIC ACID	139-13-9|49784-42-1|80751-51-5	24.0	O=C(O)CN(CC(=O)O)CC(=O)O		1
N-Methyldiethanolamine	105-59-9|591248-66-7	0.48	CN(CCO)CCO		1
n-Nonadecane	629-92-5	2.8	CCCCCCCCCCCCCCCCCCC		2
N-NONANE	111-84-2|144637-82-1|61193-19-9|66039-00-7	30.0	CCCCCCCCC		2
n-Octadecane	128271-18-1|593-45-3	2.5	CCCCCCCCCCCCCCCCCC		2
NONYLPHENOL		56.0	CCCCCCCCCc1ccccc1O		1
NORFLURAZON	27314-13-2	240.0	CNc1cnn(-c2cccc(C(F)(F)F)c2)c(=O)c1Cl		1
n-Pentadecane	629-62-9	2.4	CCCCCCCCCCCCCCC		2
n-Tetradecane	629-59-4	2.3	CCCCCCCCCCCCCC		2
n-Undecane	1120-21-4|61193-21-3	2.1	CCCCCCCCCCC		2
O-BENZYL-P-CHLOROPHENOL	120-32-1	23.0	Oc1ccc(Cl)cc1Cc1ccccc1		1
Octhilinone	26530-20-1	15.0	CCCCCCCCn1sccc1=O		1
OLAQUINDOX	23696-28-2|23696-28-8	8.0	Cc1c(C(O)=NCCO)[n+](=O)c2ccccc2n1[O-]		1
OLEIC ACID	112-80-1|99148-48-8	0.66	CCCCCCCCC=CCCCCCCCC(=O)O		1
OMETHOATE	1113-02-6	219.0	CN=C(O)CSP(=O)(OC)OC		1
Orthosulfamuron	213464-77-8	30.0	COc1cc(OC)nc(N=C(O)NS(=O)(=O)Nc2ccccc2C(=O)N(C)C)n1		1
OXYFLUOROFEN	42874-03-3	27.5	CCOc1cc(Oc2ccc(C(F)(F)F)cc2Cl)ccc1[N+](=O)[O-]		1
Palmitic acid	1219802-61-5|57-10-3	3.75	CCCCCCCCCCCCCCCC(=O)O		1
Penciclovir	39809-25-1	0.1416	N=c1nc(O)c2ncn(CCC(CO)CO)c2[nH]1		1
Pendimethalin	40487-42-1	354.0	CCC(CC)Nc1c([N+](=O)[O-])cc(C)c(C)c1[N+](=O)[O-]		1
PENTACHLORONITROBENZENE	82-68-8	4.3	O=[N+]([O-])c1c(Cl)c(Cl)c(Cl)c(Cl)c1Cl		1
PENTADECYLBENZENE	2131-18-2	11.4	CCCCCCCCCCCCCCCc1ccccc1		1
PHTHALIC ANHYDRIDE	85-44-9	0.01736	O=C1OC(=O)c2ccccc21		1
Phytane	638-36-8	6.2	CCC(C)CCCC(C)CCCC(C)CCCC(C)C		1
Pristane	1921-70-6	4.3	CC(C)CCCC(C)CCCC(C)CCCC(C)C		1
PROPICONAZOLE	120523-07-1|1246818-14-3|60207-90-1|75881-82-2	85.0	CCCC1COC(Cn2cncn2)(c2ccc(Cl)cc2Cl)O1		1
PROPIONIC ACID	79-09-4|90990-11-7	21.0	CCC(=O)O		1
Propyleneimine	75-55-8	112.0	CC1CN1		1
PROPYLPARABEN	85403-59-4|94-13-3	2.7	CCCOC(=O)c1ccc(O)cc1		1
Prosulfuron	94125-34-5	216.0	COc1nc(C)nc(=NC(O)=NS(=O)(=O)c2ccccc2CCC(F)(F)F)[nH]1		1
Prothioconazole	178928-70-6	231.0	OC(Cc1ccccc1Cl)(Cn1[nH]cnc1=S)C1(Cl)CC1		1
Pyridalyl	179101-81-6	370.0	FC(F)(F)c1ccc(OCCCOc2c(Cl)cc(OCC=C(Cl)Cl)cc2Cl)nc1		1
Pyrithione zinc	13463-41-7|1698050-37-1|3590-23-6	4.0	[O-][n+]1ccccc1[S-].[O-][n+]1ccccc1[S-].[Zn+2]		1
Quinoxyfen	124495-18-7	150.0	Fc1ccc(Oc2ccnc3cc(Cl)cc(Cl)c23)cc1		1
SIDURON	1982-49-6	150.0	CC1CCCCC1NC(O)=Nc1ccccc1		1
SODIUM DODECYLBENZENESULFONATE		9.9	CCCCCCCCCCCCOS(=O)(=O)c1ccccc1.[Na]		1
Stearic acid	18639-67-3|57-11-4	10.7	CCCCCCCCCCCCCCCCCC(=O)O		1
STIGMASTEROL	83-48-7	17.0	CC[C@H](C=C[C@@H](C)[C@H]1CC[C@H]2[C@@H]3CC=C4C[C@@H](O)CC[C@]4(C)[C@H]3CC[C@]12C)C(C)C		1
Subtilisins	76012-17-4|9014-01-1	0.2083	CCCCCCCCC1CC(O)=N[C@@H](CC(=N)O)C(O)=N[C@H](Cc2ccc(O)cc2)C(O)=N[C@H](CC(=N)O)C(=O)N2CCC[C@H]2C(O)=N[C@@H](CCC(=O)O)C(O)=N[C@H](CO)C(O)=N[C@@H]([C@@H](C)O)C(O)=N1		1
SULFAMETHAZINE	57-68-1	12.0	Cc1cc(C)nc(NS(=O)(=O)c2ccc(N)cc2)n1		1
SULFOLANE	126-33-0	3.0	O=S1(=O)CCCC1		1
Sulfometuron-methyl	74222-97-2	54.0	COC(=O)c1ccccc1S(=O)(=O)NC(O)=Nc1nc(C)cc(C)n1		1
SULPROFOS	35400-43-2	3.5	CCCSP(=S)(OCC)Oc1ccc(SC)cc1		1
TEBUFENOZIDE	112410-23-8|142583-69-5	734.0	CCc1ccc(C(=O)NN(C(=O)c2cc(C)cc(C)c2)C(C)(C)C)cc1		1
TEBUPIRIMFOS	96182-53-5	194.0	CCOP(=S)(Oc1cnc(C(C)(C)C)nc1)OC(C)C		1
TECNAZENE	117-18-0|28804-67-3	0.1	O=[N+]([O-])c1c(Cl)c(Cl)cc(Cl)c1Cl		1
TEMEPHOS	3383-96-8	17.2	COP(=S)(OC)Oc1ccc(Sc2ccc(OP(=S)(OC)OC)cc2)cc1		1
TERBUTRYNE	886-50-0	240.0	CCN=c1nc(NC(C)(C)C)[nH]c(SC)n1		1
TEREPHTHALIC ACID	100-21-0|211863-90-0	0.0625	O=C(O)c1ccc(C(=O)O)cc1		1
Testosterone	1050678-68-6|58-22-0	32.0	C[C@]12CC[C@H]3[C@@H](CCC4=CC(=O)CC[C@@]43C)[C@@H]1CC[C@@H]2O		1
TETRADECYLBENZENE	1459-10-5	11.4	CCCCCCCCCCCCCCc1ccccc1		1
THIOBENCARB	28249-77-6	82.0	CCN(CC)C(=O)SCc1ccc(Cl)cc1		1
TOLYLFLUANID	731-27-1	14.0	Cc1ccc(N(SC(F)(Cl)Cl)S(=O)(=O)N(C)C)cc1		1
TRALKOXYDIM		115.0	CCON=C(CC)C1=C(O)CC(c2c(C)cc(C)cc2C)CC1=O	2-[1-(Ethoxyimino)propyl]-3-hydroxy-5-(2,4,6-trimethylphenyl)-2-cyclohexen-1-one	1
Tralomethrin	66841-25-6	3.375	CC1(C)C(C(=O)OC(C#N)c2cccc(Oc3ccccc3)c2)C1C(Br)C(Br)(Br)Br		1
trans-1,2-Dichloroethylene	15075-90-8|156-60-5	27.0	ClC=CCl		1
TRIADIMEFON	43121-43-3	8.0	CC(C)(C)C(=O)C(Oc1ccc(Cl)cc1)n1cncn1		1
TRIAZOPHOS	24017-47-8	35.0	CCOP(=S)(OCC)Oc1ncn(-c2ccccc2)n1		1
TRIBUTYLCHLOROSTANNANE	1461-22-9	140.0	[CH2]CCC.[CH2]CCC.[CH2]CCC.[Cl-].[Sn+]		1
TRICHLORFON	26373-97-7|52-68-6|56042-26-3|56042-27-4	2.5	COP(=O)(OC)C(O)C(Cl)(Cl)Cl		1
TRIETHANOLAMINE	102-71-6	0.4416	OCCN(CCO)CCO		1
TRIETHYLENE GLYCOL MONOMETHYL ETHER	112-35-6	0.13	COCCOCCOCCO		1
TRI-M-CRESYL PHOSPHATE	563-04-2	13.0	Cc1cccc(OP(=O)(Oc2cccc(C)c2)Oc2cccc(C)c2)c1		1
TRIMETHYLHEXADECYLAMMONIUM CHLORIDE	112-02-7	3.1	CCCCCCCCCCCCCCCC[N+](C)(C)C.[Cl-]		1
TRIMETHYLTIN CHLORIDE	1066-45-1	140.0	[CH3].[CH3].[CH3].[Cl-].[Sn+]		1
TRI-N-BUTYLTIN HYDRIDE	688-73-3	165.0	[CH2]CCC.[CH2]CCC.[CH2]CCC.[Sn]		1
TRI-O-CRESYL PHOSPHATE	1330-78-5|78-30-8	13.0	Cc1ccccc1OP(=O)(Oc1ccccc1C)Oc1ccccc1C		1
TRIOLEIN	122-32-7	11.6	CCCCCCCCC=CCCCCCCCC(=O)OCC(COC(=O)CCCCCCCC=CCCCCCCCC)OC(=O)CCCCCCCC=CCCCCCCCC		1
TRI-P-CRESYL PHOSPHATE	78-32-0	4.0	Cc1ccc(OP(=O)(Oc2ccc(C)cc2)Oc2ccc(C)cc2)cc1		1
TRIPHENYL PHOSPHATE	115-86-6	4.0	O=P(Oc1ccccc1)(Oc1ccccc1)Oc1ccccc1		1
UNDECYLBENZENE	29463-63-6|6742-54-7	10.2	CCCCCCCCCCCc1ccccc1		1
Zinc naphthenate	14642-70-7	90.0	O=C([O-])c1ccc2ccccc2c1.O=C([O-])c1ccc2ccccc2c1.[Zn+2]		1
p, p' - DDT		229.166666666667	Clc1ccccc1C(c1ccccc1Cl)C(Cl)(Cl)Cl	1,1,1-trichloro-2,2-bis(chlorophenyl)ethane	1
benzo a pyrene		70.8333333333333	c1ccc2c(c1)cc1ccc3cccc4ccc2c1c34	benzo[a]pyrene	2
dibenz(a,h)anthracene	53-70-3	70.8333333333333	c1ccc2c(c1)ccc1cc3c(ccc4ccccc43)cc12		1
benzamide	55-21-0|55738-52-8	7.08333333333333	N=C(O)c1ccccc1		1
tetrachlorometane		70.8333333333333	ClC(Cl)(Cl)Cl	tetrachloro methane	1
parathion	56-38-2	22.9166666666667	CCOP(=S)(OCC)Oc1ccc([N+](=O)[O-])cc1		1
benz a anthracene		70.8333333333333	c1ccc2cc3c(ccc4ccccc43)cc2c1	benzo[a]anthracene	2
chlordane	12789-03-6|33442-85-2|5103-71-9|5103-74-2	708.333333333333	ClC1=C(Cl)C2(Cl)C3C(Cl)C(Cl)CC3C1(Cl)C2(Cl)Cl		1
lindane	119911-69-2|319-84-6|319-85-7|319-86-8|55963-79-6|58-89-9|608-73-1|6108-10-7|6108-11-8|6108-12-9|6108-13-0	708.333333333333	ClC1C(Cl)C(Cl)C(Cl)C(Cl)C1Cl		3
ethane, 1,1'-oxybis-	60-29-7|667919-88-2	22.9166666666667	CCOCC		1
acetamide	60-35-5|74330-92-0	7.08333333333333	CC(=N)O		1
dieldrin	60-57-1|605-72-1	708.333333333333	ClC1=C(Cl)[C@]2(Cl)[C@@H]3[C@@H]4C[C@@H]([C@H]5O[C@@H]45)[C@@H]3[C@@]1(Cl)C2(Cl)Cl		1
benzenamine	136260-71-4|62-53-3	7.08333333333333	Nc1ccccc1		1
ethanethioamide	62-55-5	7.08333333333333	CC(=N)S		1
methanamine, n-methyl-n-nitroso-	62-75-9	0.708333333333333	CN(C)N=O		1
1-naphthalenol, methylcarbamate	27636-33-5|3197-92-0|63-25-2	7.08333333333333	CN=C(O)Oc1cccc2ccccc12		1
ethanol	42845-45-4|64-17-5|8000-16-6	2.29166666666667	CCO		1
formic acid	64-18-6|82069-14-5	2.29166666666667	O=CO		1
acetic acid	64-19-7|77671-22-8	2.29166666666667	CC(=O)O		1
benzoic acid	14322-82-8|65-85-0	2.29166666666667	O=C(O)c1ccccc1		1
methanol	170082-17-4|67-56-1	2.29166666666667	CO		1
2-propanol	1344575-38-7|67-63-0|8003-15-4	2.29166666666667	CC(C)O		1
2-propanone	67-64-1	7.08333333333333	CC(C)=O		1
methane, trichloro-	67-66-3	70.8333333333333	ClC(Cl)Cl		1
ethane, hexachloro-	67-72-1	70.8333333333333	ClC(Cl)(Cl)C(Cl)(Cl)Cl		1
benzoic acid, 2-hydroxy-	29656-58-4|69-72-7|8052-31-1	2.29166666666667	O=C(O)c1ccccc1O		1
1-propanol	142583-61-7|62309-51-7|71-23-8	2.29166666666667	CCCO		1
1-butanol	1219794-84-9|35296-72-1|6167-45-9|64118-16-7|71-36-3	2.29166666666667	CCCCO		1
1-pentanol	148587-12-6|30899-19-5|71-41-0	2.29166666666667	CCCCCO		1
benzene	25053-22-9|26181-88-4|3355-34-8|54682-86-9|62485-97-6|71-43-2	7.08333333333333	c1ccccc1		3
methoxychlor	1644449-82-0|72-43-5	7.08333333333333	COc1ccc(C(c2ccc(OC)cc2)C(Cl)(Cl)Cl)cc1		1
p,p' - DDE		2291.66666666667	ClC(Cl)=C(c1ccc(Cl)cc1)c1ccc(Cl)cc1	1,1'-(2,2-dichloroethenylidene)bis[4-chloro-benzene]	1
methane, bromochloro-	13590-47-1|74-97-5	22.9166666666667	ClCBr		1
ethene, chloro-	1187028-37-0|75-01-4	22.9166666666667	C=CCl		1
ethanamine	75-04-7	2.29166666666667	CCN		1
acetaldehyde	75-07-0	2.29166666666667	CC=O		1
methane, dichloro-	75-09-2	70.8333333333333	ClCCl		1
methane, bromodichloro-	75-27-4	22.9166666666667	ClC(Cl)Br		1
2-propanol, 2-methyl-	25-65-0|75-65-0	7.08333333333333	CC(C)(C)O		1
propanoic acid, 2,2-dichloro-	75-99-0	70.8333333333333	CC(Cl)(Cl)C(=O)O		1
ethane, pentachloro-	76-01-7	70.8333333333333	ClC(Cl)C(Cl)(Cl)Cl		1
1-propanol, 2-methyl-	78-83-1	2.29166666666667	CC(C)CO		1
propane, 1,2-dichloro-	78-87-5	70.8333333333333	CC(Cl)CCl		1
2-butanone	78-93-3	2.29166666666667	CCC(C)=O		1
ethene, trichloro-	123919-09-5|79-01-6	22.9166666666667	ClC=C(Cl)Cl		1
2-propenoic acid	55927-87-2|79-10-7|9063-87-0	2.29166666666667	C=CC(=O)O		1
acetic acid, chloro-	79-11-8	7.08333333333333	O=C(O)CCl		1
acetic acid, methyl ester	79-20-9	2.29166666666667	COC(C)=O		1
ethane, 1,1,2,2-tetrachloro-	79-34-5	70.8333333333333	ClC(Cl)C(Cl)Cl		1
2-propenoic acid, 2-methyl-, methyl ester	114512-63-9|143476-91-9|51391-19-6|80-62-6|9065-11-6|97555-82-3	2.29166666666667	C=C(C)C(=O)OC		1
1,2-benzenedicarboxylic acid, diethyl ester	84-66-2	7.08333333333333	CCOC(=O)c1ccccc1C(=O)OCC		1
1,2-benzenedicarboxylic acid, dibutyl ester	84-74-2	7.08333333333333	CCCCOC(=O)c1ccccc1C(=O)OCCCC		1
phenanthrene	85-01-8	22.9166666666667	c1ccc2c(c1)ccc1ccccc12		2
1,2-benzenedicarboxylic acid, butyl phenylmethyl ester	85-68-7	7.08333333333333	CCCCOC(=O)c1ccccc1C(=O)OCc1ccccc1		1
benzenamine, n-nitroso-n-phenyl-	382165-80-2|86-30-6	0.708333333333333	O=NN(c1ccccc1)c1ccccc1		1
9h-fluorene	86-73-7	22.9166666666667	c1ccc2c(c1)Cc1ccccc1-2		2
benzenamine, 2,6-dimethyl-	87-62-7	7.08333333333333	Cc1cccc(C)c1N		1
phenol, 2,4,6-trichloro-	88-06-2	7.08333333333333	Oc1c(Cl)cc(Cl)cc1Cl		1
benzene, 1-methyl-2-nitro-	1321-12-6|88-72-2	2.29166666666667	Cc1ccccc1[N+](=O)[O-]		1
phenol, 2-nitro-	25154-55-6|78813-12-4|88-75-5	2.29166666666667	O=[N+]([O-])c1ccccc1O		1
1,2-benzenedicarboxylic acid	254110-94-6|57142-78-6|88-99-3	2.29166666666667	O=C(O)c1ccccc1C(=O)O		1
phenol, 2-methoxy-	90-05-1|9009-62-5	2.29166666666667	COc1ccccc1O		1
naphthalene, 1-methyl-	1321-94-4|90-12-0	7.08333333333333	Cc1cccc2ccccc12		2
naphthalene	31807-65-5|91-20-3	7.08333333333333	c1ccc2ccccc2c1		3
quinoline	15793-82-5|15793-83-6|15793-84-7|15793-85-8|15793-86-9|15793-87-0|31177-31-8|54978-41-5|91-22-5	7.08333333333333	c1ccc2ncccc2c1		1
2-naphthalenamine	612-52-2|91-59-8	7.08333333333333	Nc1ccc2ccccc2c1		1
1,1'-biphenyl		7.08333333333333	c1ccc(-c2ccccc2)cc1		2
1,1'-biphenyl -4,4'-diamine		7.08333333333333	Nc1ccc(-c2ccc(N)cc2)cc1		1
acetic acid, (2,4-dichlorophenoxy)-	64296-19-1|94-75-7	2.29166666666667	O=C(O)COc1ccc(Cl)cc1Cl		1
2,4-dichlorophenoxybutyric acid	94-82-6	7.08333333333333	O=C(O)CCCOc1ccc(Cl)cc1Cl		1
benzo b thiophene		22.9166666666667	c1ccc2sccc2c1	benzothiophene	1
benzene, 1,2-dimethyl-	95-47-6	22.9166666666667	Cc1ccccc1C		2
benzene, 1,2-dichloro-	95-50-1	70.8333333333333	Clc1ccccc1Cl		1
benzenamine, 2-chloro-	27134-26-5|95-51-2	7.08333333333333	Nc1ccccc1Cl		1
benzenamine, 2-methyl-	121536-13-8|68408-22-0|95-53-4	2.29166666666667	Cc1ccccc1N		1
benzene, 1,2,4-trimethyl-	95-36-3|95-63-6	22.9166666666667	Cc1ccc(C)c(C)c1		2
benzene, 1,2,4,5-tetramethyl-	15220-27-6|95-93-2	22.9166666666667	Cc1cc(C)c(C)cc1C		1
benzene, 1,2,4,5-tetrachloro-	12408-10-5|63697-22-3|95-94-3	229.166666666667	Clc1cc(Cl)c(Cl)cc1Cl		1
phenol, 2,4,5-trichloro-	95-95-4	7.08333333333333	Oc1cc(Cl)c(Cl)cc1Cl		1
oxirane, phenyl-	192506-02-8|25189-69-9|96-09-3	7.08333333333333	c1ccc(C2CO2)cc1		1
propane, 1,2,3-trichloro-	96-18-4	70.8333333333333	ClCC(Cl)CCl		1
3-pentanone	96-22-0	7.08333333333333	CCC(=O)CC		1
benzene, (1-methylethyl)-	101316-43-2|98-82-8	22.9166666666667	CC(C)c1ccccc1		2
ethanone, 1-phenyl-	98-86-2	7.08333333333333	CC(=O)c1ccccc1		1
benzene, nitro-	98-95-3	70.8333333333333	O=[N+]([O-])c1ccccc1		1
benzene, 1-methyl-4-nitro-	99-99-0	2.29166666666667	Cc1ccc([N+](=O)[O-])cc1		1
phenol, 4-nitro-	100-02-7	2.29166666666667	O=[N+]([O-])c1ccc(O)cc1		1
benzene, ethyl-	100-41-4|20302-26-5	22.9166666666667	CCc1ccccc1		2
benzene, ethenyl-	100-42-5|12770-88-6|25086-18-4|6911-81-5|98444-30-5	7.08333333333333	C=Cc1ccccc1		1
benzenemethanol	100-51-6|185532-71-2|66072-40-0	2.29166666666667	OCc1ccccc1		1
benzene, methoxy-	100-66-3	22.9166666666667	COc1ccccc1		1
benzene, 1,1'-oxybis-	101-84-8|32576-61-7	22.9166666666667	c1ccc(Oc2ccccc2)cc1		1
benzene, propyl-	103-65-1	22.9166666666667	CCCc1ccccc1		2
benzeneacetic acid	103-82-2|17303-65-0|51146-16-8	2.29166666666667	O=C(O)Cc1ccccc1		1
phenol, 2,4-dimethyl-	105-67-9	2.29166666666667	Cc1ccc(O)c(C)c1		1
benzene, 1,4-dimethyl-	106-42-3|136777-61-2	22.9166666666667	Cc1ccc(C)cc1		2
benzene, 1,4-dichloro-	106-46-7|55232-43-4	70.8333333333333	Clc1ccc(Cl)cc1		1
benzenamine, 4-chloro-	106-47-8	7.08333333333333	Nc1ccc(Cl)cc1		1
1,3-butadiene	106-99-0|130983-70-9|1983-06-8|25339-57-5|26952-74-9	7.08333333333333	C=CC=C		1
2-propenal	107-02-8|81788-96-7	2.29166666666667	C=CC=O		1
ethane, 1,2-dichloro-	107-06-2|25323-30-2|52399-93-6	70.8333333333333	ClCCCl		1
propanenitrile	107-12-0	22.9166666666667	CCC#N		1
2-propenenitrile	107-13-1|63908-52-1	7.08333333333333	C=CC#N		1
2-propen-1-ol	107-18-6	2.29166666666667	C=CCO		1
1,2-ethanediol	107-21-1	2.29166666666667	OCCO		1
methane, chloromethoxy-	107-30-2	22.9166666666667	COCCl		1
formic acid, methyl ester	107-31-3	2.29166666666667	COC=O		1
2-pentanone	107-87-9	7.08333333333333	CCCC(C)=O		1
butanoic acid	107-92-6	2.29166666666667	CCCC(=O)O		1
acetic acid ethenyl ester	108-05-4|93196-02-2	2.29166666666667	C=COC(C)=O		1
2-pentanone, 4-methyl-	108-10-1	7.08333333333333	CC(=O)CC(C)C		1
benzene, 1,3-dimethyl-	108-38-3	22.9166666666667	Cc1cccc(C)c1		2
benzene, 1,3,5-trimethyl-	108-67-8|19121-63-2	22.9166666666667	Cc1cc(C)cc(C)c1		1
benzene, 1,3,5-trichloro-	108-70-3|63697-19-8	70.8333333333333	Clc1cc(Cl)cc(Cl)c1		1
benzene, bromo-	108-86-1|52753-63-6	70.8333333333333	Brc1ccccc1		1
cyclohexane, methyl-	108-87-2	22.9166666666667	CC1CCCCC1		2
benzene, methyl-	108-88-3|25013-04-1	22.9166666666667	Cc1ccccc1		2
pyridine, 4-methyl-	108-89-4|69046-49-7|92075-35-9	22.9166666666667	Cc1ccncc1		1
benzene, chloro-	108-90-7|50717-45-8	70.8333333333333	Clc1ccccc1		1
cyclohexanamine	108-91-8|157973-60-9	2.29166666666667	NC1CCCCC1		1
cyclohexanol	108-93-0	2.29166666666667	OC1CCCCC1		1
cyclohexanone	108-94-1|9075-99-4	7.08333333333333	O=C1CCCCC1		1
phenol	108-95-2|17442-59-0|27073-41-2|63496-48-0|73607-76-8	2.29166666666667	Oc1ccccc1		1
pyridine, 3-methyl-	108-99-6	22.9166666666667	Cc1cccnc1		1
acetic acid, propyl ester	109-60-4	2.29166666666667	CCCOC(C)=O		1
pentane	102056-77-9|107949-95-1|109-66-0	22.9166666666667	CCCCC		2
1-pentene	109-67-1|25587-78-4	7.08333333333333	C=CCCC		1
1-butanamine	109-73-9	2.29166666666667	CCCCN		1
formic acid, ethyl ester	109-94-4	2.29166666666667	CCOC=O		1
furan, tetrahydro-	109-99-9|24979-97-3	7.08333333333333	C1CCOC1		1
furan	110-00-9|25067-54-3	7.08333333333333	c1ccoc1		1
thiophene	107760-19-0|110-02-1|25233-34-5|51325-05-4	2.29166666666667	c1ccsc1		1
2-heptanone	110-43-0	7.08333333333333	CCCCCC(C)=O		1
hexane	110-54-3|478799-92-7|50981-41-4|92112-69-1	22.9166666666667	CCCCCC		2
ethene, (2-chloroethoxy)-	110-75-8|29160-08-5	22.9166666666667	C=COCCCl		1
cyclohexane	110-82-7|12217-02-6	22.9166666666667	C1CCCCC1		2
cyclohexene	110-83-8|25012-94-6	7.08333333333333	C1=CCCCC1		1
pyridine	110-86-1|29761-81-7	22.9166666666667	c1ccncc1		1
1-hexanol	111-27-3|25917-35-5	2.29166666666667	CCCCCCO		1
ethanol, 2,2'-iminobis-	111-42-2	7.08333333333333	OCCNCCO		1
propane, 1,1'-oxybis-	111-43-3	22.9166666666667	CCCOCCC		1
ethane, 1,1'-oxybis 2-chloro-		22.9166666666667	ClCCOCCCl	1,1'-oxybis(2-chloroethane)	1
octane	111-65-9|31372-91-5|9065-92-3	22.9166666666667	CCCCCCCC		2
1-octene	111-66-0|26746-84-9	7.08333333333333	C=CCCCCCC		1
1-octanol	111-87-5|220713-26-8|29063-28-3	2.29166666666667	CCCCCCCCO		1
dodecane	112-40-3|93685-81-5	22.9166666666667	CCCCCCCCCCCC		2
propoxur	114-26-1	22.9166666666667	CN=C(O)Oc1ccccc1OC(C)C		1
methane, oxybis-	115-10-6|157621-61-9	22.9166666666667	COC		1
aldicarb	116-06-3	22.9166666666667	CN=C(O)ON=CC(C)(C)SC		1
HCB	118-74-1	2291.66666666667	Clc1c(Cl)c(Cl)c(Cl)c(Cl)c1Cl		1
benzoic acid, 2-methyl-	118-90-1|25567-10-6|442197-98-0	2.29166666666667	Cc1ccccc1C(=O)O		1
benzoic acid, 2-chloro-	118-91-2|26264-09-5	22.9166666666667	O=C(O)c1ccccc1Cl		1
methanone, diphenyl-	119-61-9	7.08333333333333	O=C(c1ccccc1)c1ccccc1		1
anthracene	120-12-7|54261-80-2	22.9166666666667	c1ccc2cc3ccccc3cc2c1		2
1,2-benzenediol	120-80-9|12385-08-9|26982-53-6	2.29166666666667	Oc1ccccc1O		1
benzene, 1,2,4-trichloro-	104810-41-5|120-82-1|63697-18-7	70.8333333333333	Clc1ccc(Cl)c(Cl)c1		1
phenol, 2,4-dichloro-	120-83-2|3317-66-6	2.29166666666667	Oc1ccc(Cl)cc1Cl		1
benzene, 1-methyl-2,4-dinitro-	121-14-2|1326-41-6|84029-42-5	2.29166666666667	Cc1ccc([N+](=O)[O-])cc1[N+](=O)[O-]		1
benzenamine, n,n-dimethyl-	101357-19-1|121-69-7|86362-18-7	7.08333333333333	CN(C)c1ccccc1		1
malathion	121-75-5	2.29166666666667	CCOC(=O)CC(SP(=S)(OC)OC)C(=O)OCC		1
1,3,5-triazine-2,4-diamine, 6-chloro-n,n'-diethyl-	122-34-9	22.9166666666667	CCN=c1nc(Cl)[nH]c(=NCC)[nH]1		1
benzenamine, n-phenyl-	122-39-4|25656-57-9	7.08333333333333	c1ccc(Nc2ccccc2)cc1		1
propanal	123-38-6|25722-18-3	2.29166666666667	CCC=O		1
butanal	123-72-8|27789-14-6	2.29166666666667	CCCC=O		1
acetic acid, butyl ester	123-86-4	2.29166666666667	CCCCOC(C)=O		1
1,4-dioxane	123-91-1|28552-22-9	7.08333333333333	C1COCCO1		1
decane	116372-01-1|124-18-5|63335-87-5	22.9166666666667	CCCCCCCCCC		2
methanamine, n-methyl-	124-40-3|20786-94-1	2.29166666666667	CNC		1
1,3-butadiene, 2-chloro-	126-99-8	22.9166666666667	C=CC(=C)Cl		1
pyrene	129-00-0|1346601-04-4|41496-25-7	70.8333333333333	c1cc2ccc3cccc4ccc(c1)c2c34		2
1,2-benzenedicarboxylic acid, dimethyl ester	131-11-3	7.08333333333333	COC(=O)c1ccccc1C(=O)OC		1
dibenzofuran	132-64-9	7.08333333333333	c1ccc2c(c1)oc1ccccc12		1
1-naphthalenamine	134-32-7|25168-10-9	7.08333333333333	Nc1cccc2ccccc12		1
thioperoxydicarbonic diamide, tetramethyl-	137-26-8	7.08333333333333	CN(C)C(=S)SSC(=S)N(C)C		1
ethanol, 2-amino-	12220-07-4|12220-09-6|141-43-5	2.29166666666667	NCCO		1
acetic acid ethyl ester	141-78-6	2.29166666666667	CCOC(C)=O		1
cyclopentene	10016-46-3|142-29-0|29300-20-7	7.08333333333333	C1=CCCC1		1
hexanoic acid	142-62-1|56279-38-0	2.29166666666667	CCCCCC(=O)O		1
perylene	198-55-0|69736-15-8	70.8333333333333	c1cc2cccc3c4cccc5cccc(c(c1)c23)c54		1
fluoranthene	206-44-0|76774-50-0	70.8333333333333	c1ccc2c(c1)-c1cccc3cccc-2c13		2
benzo(k)fluoranthene	207-08-9	70.8333333333333	c1ccc2cc3c(cc2c1)-c1cccc2cccc-3c12		2
chrysene	218-01-9|65777-08-4	70.8333333333333	c1ccc2c(c1)ccc1c3ccccc3ccc21		2
cyclopentane	287-92-3	22.9166666666667	C1CCCC1		2
cyclo-octane		22.9166666666667	C1CCCCCCC1		1
parathion methyl	298-00-0	22.9166666666667	COP(=S)(OC)Oc1ccc([N+](=O)[O-])cc1		1
aldrin	309-00-2	708.333333333333	ClC1=C(Cl)[C@]2(Cl)[C@H]3[C@H]([C@@H]4C=C[C@H]3C4)[C@@]1(Cl)C2(Cl)Cl		1
diuron	330-54-1	22.9166666666667	CN(C)C(O)=Nc1ccc(Cl)c(Cl)c1		1
linuron	330-55-2|56645-87-5	22.9166666666667	CON(C)C(O)=Nc1ccc(Cl)c(Cl)c1		1
diazinon	333-41-5	70.8333333333333	CCOP(=S)(OCC)Oc1cc(C)nc(C(C)C)n1		1
benzene, fluoro-	462-06-6	7.08333333333333	Fc1ccccc1		1
1h-indene, 2,3-dihydro-	496-11-7|56573-11-6	7.08333333333333	c1ccc2c(c1)CCC2		2
benzene, 1,2,3-trimethyl-	25551-13-7|526-73-8	22.9166666666667	Cc1cccc(C)c1C		2
phenol, 2-methyl-4,6-dinitro-	534-52-1	7.08333333333333	Cc1cc([N+](=O)[O-])cc([N+](=O)[O-])c1O		1
benzene, 1,3-dichloro-	541-73-1|63697-17-6	70.8333333333333	Clc1cccc(Cl)c1		1
2,3-dimethylnaphthalene	581-40-8	7.08333333333333	Cc1cc2ccccc2cc1C		1
benzene, iodo-	51209-48-4|591-50-4	70.8333333333333	Ic1ccccc1		1
2-hexanone	30637-87-7|591-78-6	7.08333333333333	CCCCC(C)=O		1
acetic acid, 2-propenyl ester	29467-34-3|591-87-7	2.29166666666667	C=CCOC(C)=O		1
1,4-pentadiene	591-93-5	7.08333333333333	C=CCC=C		1
formic acid, butyl ester	592-84-7	2.29166666666667	CCCCOC=O		1
benzene, pentachloro-	608-93-5	708.333333333333	Clc1cc(Cl)c(Cl)c(Cl)c1Cl		1
1-propanamine, n-nitroso-n-propyl-	621-64-7	0.708333333333333	CCCN(CCC)N=O		1
3-butenoic acid	28391-17-5|625-38-7	2.29166666666667	C=CCC(=O)O		1
1,4-cyclohexadiene	628-41-1	7.08333333333333	C1=CCC=CC1		1
acetic acid, pentyl ester	628-63-7|828-63-7	2.29166666666667	CCCCCOC(C)=O		1
benzene, 1,2,3,4-tetrachloro-	13280-72-3|634-66-2|63697-20-1	229.166666666667	Clc1ccc(Cl)c(Cl)c1Cl		1
benzene, 1,2,3,5-tetrachloro-	634-90-2|63697-21-2	229.166666666667	Clc1cc(Cl)c(Cl)c(Cl)c1		1
1-hexyne	26856-30-4|28827-85-2|693-02-7	7.08333333333333	C#CCCCC		1
carbamothioic acid, dipropyl-, s-ethyl ester	759-94-4	7.08333333333333	CCCN(CCC)C(=O)SCC		1
1-ethylnaphthalene	1127-76-0|27138-19-8|29793-40-6	7.08333333333333	CCc1cccc2ccccc12		1
carbofuran	1563-66-2	7.08333333333333	CN=C(O)Oc1cccc2c1OC(C)(C)C2		1
trifluralin	1582-09-8|71281-30-6	70.8333333333333	CCCN(CCC)c1c([N+](=O)[O-])cc(C(F)(F)F)cc1[N+](=O)[O-]		1
propane, 2-methoxy-2-methyl-	1219795-06-8|1634-04-4	22.9166666666667	COC(C)(C)C		1
2,3,7,8-TCDD	1746-01-6|56795-67-6	22.9166666666667	Clc1cc2c(cc1Cl)Oc1cc(Cl)c(Cl)cc1O2		1
atrazine	102029-43-6|1912-24-9	708.333333333333	CCN=c1nc(Cl)[nH]c(=NC(C)C)[nH]1		1
dicamba	1918-00-9|62610-39-3|89300-29-8	22.9166666666667	COc1c(Cl)ccc(Cl)c1C(=O)O		1
decachlorobiphenyl		2291.66666666667	Clc1c(Cl)c(Cl)c(-c2c(Cl)c(Cl)c(Cl)c(Cl)c2Cl)c(Cl)c1Cl		1
3 chlorobiphenyl		229.166666666667	Clc1cccc(-c2ccccc2)c1		1
diallate	17708-57-5|2303-16-4	70.8333333333333	CC(C)N(C(=O)SCC(Cl)=CCl)C(C)C		1
triallate	2303-17-5	70.8333333333333	CC(C)N(C(=O)SCC(Cl)=C(Cl)Cl)C(C)C		1
2-methoxytetrachlorophenol	2539-17-5|97331-56-1	7.08333333333333	COc1c(O)c(Cl)c(Cl)c(Cl)c1Cl		1
octachlorodibenzo-p-dioxin	3268-87-9	229.166666666667	Clc1c(Cl)c(Cl)c2c(c1Cl)Oc1c(Cl)c(Cl)c(Cl)c(Cl)c1O2		1
o,p' DDE	3424-82-6	2291.66666666667	ClC(Cl)=C(c1ccc(Cl)cc1)c1ccccc1Cl		1
2,8-dichlorodibenzofuran	5409-83-6	22.9166666666667	Clc1ccc2oc3ccc(Cl)cc3c2c1		1
benzene, 1-chloro-4-phenoxy-	55398-86-2|7005-72-3	22.9166666666667	Clc1ccc(Oc2ccccc2)cc1		1
mecoprop	7085-19-0|93-65-2	7.08333333333333	Cc1cc(Cl)ccc1OC(C)C(=O)O		1
toxaphene	1852481-29-8|8001-35-2	2291.66666666667	C=C1C(CCl)(CCl)C2(Cl)C(Cl)C(Cl)C1(Cl)C2(Cl)Cl		1
benomyl	17804-35-2	7.08333333333333	CCCCN=C(O)n1c(N=C(O)OC)nc2ccccc21		1
2,3,4-trichlorobiphenyl		708.333333333333	Clc1ccc(-c2ccccc2)c(Cl)c1Cl		1
2,3,3',4',5'-pentachlorobiphenyl		2291.66666666667	Clc1cc(-c2cccc(Cl)c2Cl)cc(Cl)c1Cl		1
2,2' dichloro 4 methylbiphenyl		229.166666666667	Cc1ccc(-c2ccccc2Cl)c(Cl)c1		1
3,3',4,4',5,5'-hexachlorobiphenyl		2291.66666666667	Clc1cc(-c2cc(Cl)c(Cl)c(Cl)c2)cc(Cl)c1Cl		1
2,2',3,3',4,5,6-heptachlorobiphenyl		2291.66666666667	Clc1cccc(-c2c(Cl)c(Cl)c(Cl)c(Cl)c2Cl)c1Cl		1
1,2,3,4-tetrachlorodibenzo-p-dioxin	30746-58-8	22.9166666666667	Clc1c(Cl)c(Cl)c2c(c1Cl)Oc1ccccc1O2		1
isopropalin	33820-53-0	22.9166666666667	CCCN(CCC)c1c([N+](=O)[O-])cc(C(C)C)cc1[N+](=O)[O-]		1
2,7-dichlorodibenzo-p-dioxin	33857-26-0	7.08333333333333	Clc1ccc2c(c1)Oc1ccc(Cl)cc1O2		2
1,2,3,4,6,7,8-heptchlorodibenzo-p-dioxin		70.8333333333333	Clc1cc2c(c(Cl)c1Cl)Oc1c(Cl)c(Cl)c(Cl)c(Cl)c1O2		1
2,8-dichlorodibenzo-p-dioxin	38964-22-6	7.08333333333333	Clc1ccc2c(c1)Oc1cc(Cl)ccc1O2		1
octachlorodibenzofuran	39001-02-0	229.166666666667	Clc1c(Cl)c(Cl)c2c(oc3c(Cl)c(Cl)c(Cl)c(Cl)c32)c1Cl		1
1,2,4-trichlorodibenzo-p-dioxin	39227-58-2	7.08333333333333	Clc1cc(Cl)c2c(c1Cl)Oc1ccccc1O2		1
1,2,3,4,7-pentachlorodibenzo-p-dioxin	39227-61-7	22.9166666666667	Clc1ccc2c(c1)Oc1c(Cl)c(Cl)c(Cl)c(Cl)c1O2		1
2,3,7,8-TCDF	51207-31-9	22.9166666666667	Clc1cc2oc3cc(Cl)c(Cl)cc3c2cc1Cl		1
metolachlor	51218-45-2|82535-90-8	70.8333333333333	CCc1cccc(C)c1N(C(=O)CCl)C(C)COC		1
2,2',3,3',4,5,5',6,6'-nonachlorobiphenyl		2291.66666666667	Clc1cc(Cl)c(Cl)c(-c2c(Cl)c(Cl)c(Cl)c(Cl)c2Cl)c1Cl		1
PCB 28*		229.166666666667	Clc1ccc(-c2ccc(Cl)cc2Cl)cc1	2,4,4'-Trichlorobiphenyl	1
PCB 101*		1291.66666666667	Clc1ccc(Cl)c(-c2cc(Cl)c(Cl)cc2Cl)c1	2,2',4,5,5'-Pentachlorobiphenyl	1
PCB 180*		2291.66666666667	Clc1cc(Cl)c(-c2cc(Cl)c(Cl)c(Cl)c2Cl)cc1Cl	2,2',3,4,4',5,5'-Heptachlorobiphenyl	1
p-cresol*		0.225	Cc1ccc(O)cc1	p-cresol	1
n-butane	106-97-8	15.0	CCCC		1
isobutane	75-28-5	17.1	CC(C)C		1
2-methylpentane	107-83-5|43133-95-5|73513-42-5	10.4	CCCC(C)C		1
3-methylpentane	96-14-0	10.1	CCC(C)CC		1
2,2-dimethylbutane	75-83-2	26.5	CCC(C)(C)C		1
methyl cyclopentane	5310-57-6|96-37-7	27.5	CC1CCCC1		1
n-heptane	142-82-5	4.5	CCCCCCC		1
2-methylhexane	31394-54-4|591-76-4	6.6	CCCCC(C)C		1
3-methylhexane	589-34-4	7.5	CCCC(C)CC		1
2,2-dimethylpentane	590-35-2	13.0	CCCC(C)(C)C		1
2,3-dimethylpentane	565-59-3	8.1	CCC(C)C(C)C		1
2,4-dimethylpentane	108-08-7	9.1	CC(C)CC(C)C		1
3,3-dimethylpentane	562-49-2	13.0	CCC(C)(C)CC		1
2,2,3-trimethylbutane	464-06-2	13.0	CC(C)C(C)(C)C		1
ethylcyclopentane	1640-89-7	6.5	CCC1CCCC1		1
1,1-dimethylcyclopentane	1638-26-2	8.9	CC1(C)CCCC1		1
trans1,2-dimethylcyclopentane		10.4	C[C@@H]1CCC[C@H]1C		1
trans1,3-dimethylcyclopentane		8.0	C[C@H]1CC[C@H](C)C1		1
cis1,3-dimethylcyclopentane		8.3	C[C@@H]1CC[C@H](C)C1		1
butylbenzene	104-51-8	2.3	CCCCc1ccccc1		1
ethylcyclohexane	1678-91-7	6.9	CCC1CCCCC1		1
2-methylheptane	28777-67-5|592-27-8	4.8	CCCCCC(C)C		1
3-methylheptane	589-81-1	6.5	CCCCC(C)CC		1
4-methylheptane	589-53-7	6.5	CCCC(C)CCC		1
3-ethylhexane	619-99-8	8.1	CCCC(CC)CC		1
2,3-dimethylhexane	584-94-1	7.5	CCCC(C)C(C)C		1
2,4-dimethylhexane	116502-44-4|589-43-5|90622-56-3	6.6	CCC(C)CC(C)C		1
2,5-dimethylhexane	592-13-2	6.5	CC(C)CCC(C)C		1
2,2,3-trimethylpentane	564-02-3	13.0	CCC(C)C(C)(C)C		1
2,2,4-trimethylpentane	26635-64-3|540-84-1|85404-20-2	8.4	CC(C)CC(C)(C)C		1
2,3,3-trimethylpentane	560-21-4	13.0	CCC(C)(C)C(C)C		1
2,3,4-trimethylpentane	565-75-3	10.6	CC(C)C(C)C(C)C		1
1,1-dimethylcyclohexane	27195-67-1|590-66-9	10.4	CC1(C)CCCCC1		1
trans1,2-dimethylcyclohexane		8.1	C[C@@H]1CCCC[C@H]1C		1
trans1,3-dimethylcyclohexane		7.7	C[C@H]1CCC[C@H](C)C1		1
cis1,2-dimethylcyclohexane		7.9	C[C@@H]1CCCC[C@@H]1C		1
cis1,3-dimethylcyclohexane		8.1	C[C@@H]1CCC[C@H](C)C1		1
o-xylene (1,2-dimethylbenzene)		3.2	Cc1ccccc1C.Cc1ccccc1C		1
p-xylene (1,4-dimethylbenzene)		3.2	Cc1ccc(C)cc1.Cc1ccc(C)cc1		1
3-methyloctane	2216-33-3	4.3	CCCCCC(C)CC		1
4-methyloctane	2216-34-4	3.0	CCCCC(C)CCC		1
3-ethylheptane	15869-80-4|73507-01-4	7.2	CCCCC(CC)CC		1
2,5-dimethylheptane	2216-30-0	6.9	CCC(C)CCC(C)C		1
2,6-dimethylheptane	1072-05-5	6.5	CC(C)CCCC(C)C		1
3,5-dimethylheptane	926-82-9	8.1	CCC(C)CC(C)CC		1
n-propylcyclohexane	1678-92-8	6.5	CCCC1CCCCC1		1
1,1,3-trimethylcyclohexane	3073-66-3	12.0	CC1CCCC(C)(C)C1		1
2,2,5-trimemethylhexane		8.1	CC(C)CCC(C)(C)C	2,2,5-Trimethylhexane	1
1-ethyl-2-methylbenzene	611-14-3	3.2	CCc1ccccc1C		1
1-ethyl-4-methylbenzene	622-96-8	3.2	CCc1ccc(C)cc1		1
1,3,5 trimethylbenzene		3.21	Cc1cc(C)cc(C)c1.Cc1cc(C)cc(C)c1		1
2,3-dimethylheptane	3074-71-3	7.38	CCCCC(C)C(C)C		1
1,3,5 trimethylcyclohexane	1795-26-2|1795-27-3|1839-63-0	30.4	CC1CC(C)CC(C)C1		1
bicyclo[4.3.0]nonane	496-10-6	18.9	C1CCC2CCCC2C1		1
2-methylnonane	34464-38-5|63335-88-6|871-83-0	2.1	CCCCCCCC(C)C		1
3-methylnonane	5911-04-6	3.6	CCCCCCC(C)CC		1
4-methylnonane	17301-94-9	3.2	CCCCCC(C)CCC		1
5-methylnonane	15869-85-9	4.8	CCCCC(C)CCCC		1
3-ethyloctane	5881-17-4	6.9	CCCCCC(CC)CC		1
4-ethyloctane	15869-86-0	13.9	CCCCC(CC)CCC		1
2,3-dimethyloctane	7146-60-3	5.3	CCCCCC(C)C(C)C		1
2,5-dimethyloctane	15869-89-3	6.9	CCCC(C)CCC(C)C		1
2,7-dimethyloctane	1072-16-8	6.9	CC(C)CCCCC(C)C		1
2,6-dimethyloctane	2051-30-1	6.32	CCC(C)CCCC(C)C		1
butylcyclohexane	1678-93-9|69-67-0	5.2	CCCCC1CCCCC1		1
Decahydronaphthalene (decalin)		66.0	C1CCC2CCCCC2C1.C1CCC2CCCCC2C1		1
1-methylindane	27133-93-3|767-58-8	3.9	CC1CCc2ccccc21		1
4-methylindane	824-22-6	3.9	Cc1cccc2c1CCC2		1
5-methylindane	874-35-1	3.9	Cc1ccc2c(c1)CCC2		1
tetralin	119-64-2	3.9	c1ccc2c(c1)CCCC2		1
4-propylheptane	3178-29-8	5.1	CCCC(CCC)CCC		1
2,2,dimethyloctane		6.6	CCCCCCC(C)(C)C	2,2-Dimethyloctane	1
3,3-dimethyloctane	4110-44-5	6.6	CCCCCC(C)(C)CC		1
3,6-dimethyloctane	15869-94-0	4.6	CCC(C)CCC(C)CC		1
2,2,4-trimethylheptane	14720-74-2	6.5	CCCC(C)CC(C)(C)C		1
2-Methyl-3-ethylheptane	14676-29-0	19.9	CCCCC(CC)C(C)C		1
2,2,5,5-tetramethylhexane	1071-81-4	7.4	CC(C)(C)CCC(C)(C)C		1
(1-methylpropyl)benzene	135-98-8|36383-15-0	3.2	CCC(C)c1ccccc1		1
(2-methylpropyl)benzene	28729-54-6|538-93-2	3.2	CC(C)Cc1ccccc1		1
1-methyl-2-(1-methylethyl)benzene	25155-15-1|527-84-4	3.6	Cc1ccccc1C(C)C		1
1-methyl-2-propylbenzene	1074-17-5	2.0	CCCc1ccccc1C		1
1,2-diethylbenzene	135-01-3	2.8	CCc1ccccc1CC		1
1-methyl-3-(1-methylethyl)benzene	535-77-3	3.2	Cc1cccc(C(C)C)c1		1
1-methyl-3-propylbenzene	1074-43-7	1.7	CCCc1cccc(C)c1		1
1-methyl-4-(1-methylethyl)benzene	4939-75-7|99-87-6	2.5	Cc1ccc(C(C)C)cc1		1
1-methyl-4-propylbenzene	1074-55-1	2.2	CCCc1ccc(C)cc1		1
1,4-diethylbenzene	105-05-5	2.1	CCc1ccc(CC)cc1		1
2-ethyl-1,3-dimethylbenzene	25567-53-7|2870-04-4	3.2	CCc1c(C)cccc1C		1
2-ethyl-1,4-dimethylbenzene	1758-88-9	3.2	CCc1cc(C)ccc1C		1
1-ethyl-2,4-dimethyl-benzene	874-41-9	3.2	CCc1ccc(C)cc1C		1
1,2-dimethyl-4-ethylbenzene	934-80-5	3.2	CCc1ccc(C)c(C)c1		1
1-ethyl-3,5-dimethylbenzene	934-74-7	1.8	CCc1cc(C)cc(C)c1		1
cis 1,1,3,5 tetramethylcyclohexane	50876-32-9	36.1	C[C@@H]1C[C@H](C)CC(C)(C)C1		1
iso-butylcyclohexane		7.38	CC(C)CC1CCCCC1		1
1,2,3,4 tetramethylbenzene	488-23-3	2.75	Cc1ccc(C)c(C)c1C		1
1,2,3,4-tetrahydronaphthalene (tetralin)		2.38	c1ccc2c(c1)CCCC2.c1ccc2c(c1)CCCC2		1
2-methyldecane	34464-43-2|67167-66-2|6975-98-0|90622-57-4|91572-57-5	3.56	CCCCCCCCC(C)C		1
3-methyldecane	13151-34-3	2.1	CCCCCCCC(C)CC		1
4-methyldecane	2847-72-5	1.1	CCCCCCC(C)CCC		1
5-methyldecane	13151-35-4	2.7	CCCCCC(C)CCCC		1
pentylcyclohexane	4292-92-6	3.7	CCCCCC1CCCCC1		1
2-methyltetralin	3877-19-8	3.9	CC1CCc2ccccc2C1		1
5-methyltetralin	2809-64-5	3.9	Cc1cccc2c1CCCC2		1
6-methyltetralin	1680-51-9	3.9	Cc1ccc2c(c1)CCCC2		1
2-Methylbiphenyl	28652-72-4|643-58-3	3.3	Cc1ccccc1-c1ccccc1		1
3-Methylbiphenyl	532427-37-5|643-93-6	3.1	Cc1cccc(-c2ccccc2)c1		1
4-Methylbiphenyl	644-08-6	3.0	Cc1ccc(-c2ccccc2)cc1		1
2-methylnaphthalene	7419-61-6|91-57-6	3.9	Cc1ccc2ccccc2c1		1
1-ethyl-3-methylbenzene	620-14-4	3.2	CCc1cccc(C)c1		1
1,3-dimethyl-5-(1-methylethyl)benzene	4706-90-5	3.2	Cc1cc(C)cc(C(C)C)c1		1
2,5-Dimethylnonane 	17302-27-1	3.9	CCCCC(C)CCC(C)C		1
2,6-Dimethylnonane 	17302-28-2	5.5	CCCC(C)CCCC(C)C		1
3-ethyl-nonane	17302-11-3	3.99	CCCCCCC(CC)CC		1
2,6-dimethyldecalin	1618-22-0	10.0	CC1CCC2CC(C)CCC2C1		1
2,3 dimethyldecane	17312-44-6	6.9	CCCCCCCC(C)C(C)C		1
bicyclohexyl	92-51-3	15.0	C1CCC(C2CCCCC2)CC1		1
1,2,3,4-tetrahydro-1-4-dimethylnaphthalene		8.25	CC1CCC(C)c2ccccc21	1,2,3,4-Tetrahydro-1,4-dimethylnaphthalin	1
2-methylundecane	31807-55-3|7045-71-8	2.1	CCCCCCCCCC(C)C		1
4-methylundecane	2980-69-0	2.1	CCCCCCCC(C)CCC		1
5-methylundecane	1632-70-8	2.1	CCCCCCC(C)CCCC		1
6-methylundecane	17302-33-9	2.1	CCCCCC(C)CCCCC		1
hexylcyclohexane	4292-75-5	3.2	CCCCCCC1CCCCC1		1
2,6 dimethyldecane	13150-81-7	3.3	CCCCC(C)CCCC(C)C		1
1-isobutyl 2,5 dimethylcyclohexane		13.0	CC(C)CC1CC(C)CCC1C		1
n-Tridecane	629-50-5	4.7	CCCCCCCCCCCCC		1
2,3,6-trimethyldecalin		33.5	CC1CCC2CC(C)C(C)CC2C1		1
isopropyldecalin	1010-74-8|27193-29-9	20.2	CC(C)C1CCCC2CCCCC21		1
n-propyldecalin		19.9	CCCC1CCCC2CCCCC12		1
1,1,6 trimethyl tetralin		3.06	Cc1ccc2c(c1)CCCC2(C)C		1
2,2,3-trimethyl decane		1.9	CCCCCCCC(C)C(C)(C)C		2
2,6-dimethyl undecane		2.3	CCCCCC(C)CCCC(C)C		1
4-methyldodecane	6117-97-1	7.2	CCCCCCCCC(C)CCC		1
n-heptyl cyclohexane	5617-41-4	3.7	CCCCCCCC1CCCCC1		1
1, 4, 6, 7- tetramethyldecalin		21.6	CC1CC2C(C)CCC(C)C2CC1C		1
perhydro-1-methyl-fluorene		45.6	CC1CCCC2C1CC1CCCCC12		1
perhydrophenanthrene	2108-89-6|29966-04-9|5743-97-5	31.2	C1CCC2C(C1)CCC1CCCCC12		1
n - Octyl Cyclohexane		3.0	CCCCCCCCC1CCCCC1		1
n-octyl benzene		13.0	CCCCCCCCc1ccccc1		1
Methylfluorene	1730-37-6	4.2	Cc1cccc2c1Cc1ccccc1-2		1
1,2,3,4,5,6,7,8-octahydrophenanthrene	5325-97-3	3.91	c1cc2c(c3c1CCCC3)CCCC2		1
perhydro-2-methylanthracene		33.2	CC1CCC2CC3CCCCC3CC2C1		1
perhydro 3,6-Dimethylphenanthrene		50.6	CC1CCC2CCC3CCC(C)CC3C2C1		1
2,6,10-trimethyl dodecane	3891-98-3	3.5	CCC(C)CCCC(C)CCCC(C)C		1
Benzene, 1,3,5-tris(1-methylethyl)-	27322-34-5|717-74-8	54.0	CC(C)c1cc(C(C)C)cc(C(C)C)c1		1
1-Methylphenanthrene	832-69-9	4.2	Cc1cccc2c1ccc1ccccc12		1
2-Methylphenanthrene	2531-84-2	4.2	Cc1ccc2c(ccc3ccccc32)c1		1
3-Methylphenanthrene	832-71-3	4.2	Cc1ccc2ccc3ccccc3c2c1		1
9-Methylphenanthrene	883-20-5	4.2	Cc1cc2ccccc2c2ccccc12		1
Nonylcyclohexane	2883-02-5	2.8	CCCCCCCCCC1CCCCC1		1
9-Methylanthracene	779-02-2	6.05	Cc1c2ccccc2cc2ccccc12		1
2,2,4,4,6,8,8-heptamethyl nonane		60.0	CC(CC(C)(C)C)CC(C)(C)CC(C)(C)C		1
2,7-diisopropyl decalin		191.0	CC(C)C1CCC2CCC(C(C)C)CC2C1		1
hexadecahydropyrene	16291-77-3|2435-85-0	433.0	C1CC2CCC3CCCC4CCC(C1)C2C34		1
2,7-diisopropyl naphthalene	40458-98-8	122.0	CC(C)c1ccc2ccc(C(C)C)cc2c1		1
1,2,3,6,7,8 hexahydropyrene	1732-13-4	267.0	c1cc2c3c(ccc4c3c1CCC4)CCC2		1
6-n-Butyl-2,3-dimethylnaphthalene	1533448-53-1	3.77	CCCCc1ccc2cc(C)c(C)cc2c1		1
1,2,3,10b-tetrahydrofluoranthene	20279-21-4	21.9	c1ccc2c(c1)-c1cccc3c1C2CCC3		1
4,5,9,10-tetrahydropyrene	781-17-9	182.0	c1cc2c3c(c1)CCc1cccc(c1-3)CC2		1
Decylcyclohexane	1795-16-0	3.4	CCCCCCCCCCC1CCCCC1		1
2-hexyl tetralin		1.9	CCCCCCC1CCc2ccccc2C1		1
n-Heptadecane	629-78-7	7.0	CCCCCCCCCCCCCCCCC		2
Dehydroabietine	5323-56-8	38.0	CC(C)c1ccc2c(c1)CCC1C(C)CCCC21C		1
1,1'-Biphenyl, 4-pentyl- 	69856-10-6|7116-96-3	3.0	CCCCCc1ccc(-c2ccccc2)cc1		1
Benzo(b)fluorene	243-17-4|30777-19-6	4.21	c1ccc2c(c1)Cc1cc3ccccc3cc1-2		1
1-Methylpyrene	210487-07-3|2381-21-7|2381-71-7|27577-90-8	64.0	Cc1ccc2ccc3cccc4ccc1c2c34		1
Undecylcyclohexane	54105-66-7	3.1	CCCCCCCCCCCC1CCCCC1		1
3 Phenyl bicyclohexyl		23.0	c1ccc(C2CCCC(C3CCCCC3)C2)cc1		1
2,3 Dimethy-5(4methylpentyl) naphthalene		65.0	Cc1cc2cccc(CCCC(C)C)c2cc1C	6,7-Dimethyl-1-(4-methylpentyl)naphthalene	1
dodecahydro-terphenyl		23.0	c1ccc(C2CCCCC2C2CCCCC2)cc1		1
octahydro chrysene		20.1	C1=C2CCCCC2C2CCc3ccccc3C2=C1		1
hexahydro-terphenyl		67.0	c1ccc(-c2ccccc2C2CCCCC2)cc1		1
hexahydro chrysene		11.0	C1=CC2C(=CC=C3CCCCC32)c2ccccc21		1
terahydro chrysene		7.4	c1ccc2c(c1)ccc1c3c(ccc12)CCCC3	1,2,3,4-Tetrahydrochrysene	1
perhydro-chrysene		117.0	C1CCC2C(C1)CCC1C3CCCCC3CCC21		1
benzene, 1,1'-(1,1,2,2-tetramethyl-1,2-ethanediyl)bis-	1889-67-4	182.0	CC(C)(c1ccccc1)C(C)(C)c1ccccc1		1
o-Terphenyl	84-15-1	364.0	c1ccc(-c2ccccc2-c2ccccc2)cc1		1
1-methyl-7-(1methylethyl)-phenanthrene		19.7	Cc1cccc2c1ccc1cc(C(C)C)ccc12		1
9-n butylphenanthrene		72.0	CCCCc1cc2ccccc2c2ccccc12	9-BUTYLPHENANTHRENE	1
Triphenylene	217-59-4|53814-75-8	60.0	c1ccc2c(c1)c1ccccc1c1ccccc21		1
dodecahdyro chrysene		95.0	c1cc2c(c3c1CCCC3)CCC1CCCCC21	1,2,3,4,4a,7,8,9,10,11,12,12a-Dodecahydrochrysene	1
Dodecylcyclohexane	1795-17-1	3.3	CCCCCCCCCCCCC1CCCCC1		1
m-Terphenyl	8042-11-3|92-06-8	51.0	c1ccc(-c2cccc(-c3ccccc3)c2)cc1		1
2,6,10,14-tetramethyl pentadecane (pristane)		16.0	CC(C)CCCC(C)CCCC(C)CCCC(C)C.CC(C)CCCC(C)CCCC(C)CCCC(C)C		1
5?(H)-androstane		34.0	C[C@@]12CCC[C@H]1[C@@H]1CC[C@H]3CCCC[C@]3(C)[C@H]1CC2	5alpha-androstane	1
7-Methylbenz(a)anthracene	2541-69-7|43178-22-9	4.65	Cc1c2ccccc2cc2c1ccc1ccccc12		1
2,6,10,14-tetramethyl hexadecane (pristane)		21.0	CC(C)CCCC(C)CCCC(C)CCCC(C)C.CCC(C)CCCC(C)CCCC(C)CCCC(C)C		1
2,6,10,14-Tetramethylhexadecane (phytane)		28.0	CCC(C)CCCC(C)CCCC(C)CCCC(C)C.CCC(C)CCCC(C)CCCC(C)CCCC(C)C		1
n-henicosane		19.4	CCCCCCCCCCCCCCCCCCCCC		1
n-docosane	629-97-0	21.0	CCCCCCCCCCCCCCCCCCCCCC		1
n-tricosane	638-67-5	39.6	CCCCCCCCCCCCCCCCCCCCCCC		1
n-tetracosane	646-31-1	54.3	CCCCCCCCCCCCCCCCCCCCCCCC		1
n-pentacosane	629-99-2	52.1	CCCCCCCCCCCCCCCCCCCCCCCCC		1
n-hexacosane	630-01-3	50.0	CCCCCCCCCCCCCCCCCCCCCCCCCC		1
n-heptacosane	593-49-7	53.2	CCCCCCCCCCCCCCCCCCCCCCCCCCC		1
n-octacosane	630-02-4	57.6	CCCCCCCCCCCCCCCCCCCCCCCCCCCC		1
n-nonacosane	630-03-5	58.2	CCCCCCCCCCCCCCCCCCCCCCCCCCCCC		1
n-triacontane	638-68-6	60.3	CCCCCCCCCCCCCCCCCCCCCCCCCCCCCC		1
n-hentriacontane	630-04-6	88.7	CCCCCCCCCCCCCCCCCCCCCCCCCCCCCCC		1
n-dotriacontane	544-85-4	42.0	CCCCCCCCCCCCCCCCCCCCCCCCCCCCCCCC		1
n-tritriacontrane		59.9	CCCCCCCCCCCCCCCCCCCCCCCCCCCCCCCCC	tritriacontane	1
n-tetratriacontane	14167-59-0	67.5	CCCCCCCCCCCCCCCCCCCCCCCCCCCCCCCCCC		1
