Compound	CAS	T_half_soil_days	Canonical_smiles	Corrected_names	n_sources
1,1,1-TRICHLOROETHANE	25323-89-1|71-55-6|90229-85-9	485.0	CC(Cl)(Cl)Cl		1
1,1,2-TRICHLORO-1,2,2-TRIFLUOROETHANE	76-13-1	5.3	FC(F)(Cl)C(F)(Cl)Cl		1
1,1-DICHLOROETHANE	1300-21-6|75-34-3	115.0	CC(Cl)Cl		1
1,2,3,6,7,8-HEXACHLORODIBENZO-P-DIOXIN	57653-85-7	7305.0	Clc1cc2c(c(Cl)c1Cl)Oc1cc(Cl)c(Cl)c(Cl)c1O2		1
1,2,3,7,8,9-HEXACHLORODIBENZO-p-DIOXIN	19408-74-3	7305.0	Clc1cc2c(c(Cl)c1Cl)Oc1c(cc(Cl)c(Cl)c1Cl)O2		1
1,2,3-Benzotriazole	273-02-9|27556-51-0|95-14-7	180.0	c1ccc2[nH]nnc2c1		1
1,2-Benzisothiazoline-3-one	1329616-16-1|2634-33-5|40991-37-5	1.0	Oc1nsc2ccccc12		1
1,2-DIBROMO-3-CHLOROPROPANE	67708-83-2|96-12-8	6.6	ClCC(Br)CBr		1
1,2-Dibromo-4-(1,2-dibromoethyl)cyclohexane	3322-93-8	617.0	BrCC(Br)C1CCC(Br)C(Br)C1		1
1,3-DICHLOROPROPENE	542-75-6	4.0	ClC=CCCl		3
1,4-DICHLORO-2-BUTENE	110-57-6|1476-11-5|764-41-0	2.5	ClCC=CCCl		1
1,4-NAPHTHOQUINONE	130-15-4	1.2	O=C1C=CC(=O)c2ccccc21		1
12-Methylbenz(a)anthracene	2422-79-9	28.0	Cc1c2ccccc2cc2ccc3ccccc3c12		1
1-FLUORO-2,4-DINITROBENZENE	70-34-8	50.0	O=[N+]([O-])c1ccc(F)c([N+](=O)[O-])c1		1
1-METHOXY-2-HYDROXYPROPANE	107-98-2|1320-67-8	1.0	COCC(C)O		1
1-NAPHTHALENEACETIC ACID	26445-01-2|86-87-3	10.0	O=C(O)Cc1cccc2ccccc12		1
2,2',6,6'-Tetrabromobisphenol A	79-94-7	14.7	CC(C)(c1cc(Br)c(O)c(Br)c1)c1cc(Br)c(O)c(Br)c1		1
2,2-DIBROMO-3-NITRILOPROPIONAMIDE	10222-01-2	0.625	N#CC(Br)(Br)C(=N)O		1
2,3,4,5-TETRACHLORONITROBENZENE	879-39-0	468.0	O=[N+]([O-])c1cc(Cl)c(Cl)c(Cl)c1Cl		1
2,3-DICHLOROANILINE	27134-27-6|608-27-5	54.0	Nc1cccc(Cl)c1Cl		1
2,3-DICHLOROPHENOL	25167-81-1|576-24-9	28.0	Oc1cccc(Cl)c1Cl		1
2,3-DICHLOROPROPANOL	616-23-9	55.3	OCC(Cl)CCl		1
2,4,5-TP	7361-37-7|93-72-1	21.0	CC(Oc1cc(Cl)c(Cl)cc1Cl)C(=O)O		1
2,4-D, DIMETHYLAMINE	2008-39-1	23.0	CNC.O=C(O)COc1ccc(Cl)cc1Cl		1
2,4-Dinitrophenol	1326-82-5|25550-58-7|51-28-5	32.1	O=[N+]([O-])c1ccc(O)c([N+](=O)[O-])c1		1
2,5-DICHLOROANILINE	95-82-9	56.0	Nc1cc(Cl)ccc1Cl		1
2,5-DICHLOROPHENOL	583-78-8	18.0	Oc1cc(Cl)ccc1Cl		1
2,6-DINITROTOLUENE	606-20-2	92.0	Cc1c([N+](=O)[O-])cccc1[N+](=O)[O-]		1
2,6-LUTIDINE	108-48-5|27175-64-0	30.0	Cc1cccc(C)n1		1
2-CHLORONAPHTHALENE	51569-12-1|91-58-7	79.0	Clc1ccc2ccccc2c1		1
2-CHLOROPHENOL	25167-80-0|95-57-8	110.0	Oc1ccccc1Cl		1
2-MERCAPTOBENZOTHIAZOLE	118090-09-8|149-30-4	248.0	Sc1nc2ccccc2s1		2
2-METHYL-4-CHLOROPHENOXYACETIC ACID	94-74-6	60.0	Cc1cc(Cl)ccc1OCC(=O)O		1
3,4-DICHLOROPHENOL	95-77-2	18.0	Oc1ccc(Cl)c(Cl)c1		1
3,5-DIMETHYLPHENOL	108-68-9	310.0	Cc1cc(C)cc(O)c1		1
3,5-XYLYL METHYLCARBAMATE	2655-14-3	750.0	CN=C(O)Oc1cc(C)cc(C)c1		1
3-BROMO-1-PROPYNE	106-96-7	12.0	C#CCBr		1
3-CHLOROPHENOL	108-43-0	160.0	Oc1cccc(Cl)c1		1
3-Chloro-p-toluidine	827571-80-2|95-74-9	1.04	Cc1ccc(N)cc1Cl		1
3-IODO-2-PROPYNYL BUTYLCARBAMATE	1246815-08-6|55406-53-6|85045-09-6	0.08875	CCCCN=C(O)OCC#CI		1
3-METHYL-4-CHLOROPHENOL	59-50-7	21.0	Cc1cc(O)ccc1Cl		1
3-METHYL-6-CHLOROPHENOL	615-74-7	2.1	Cc1ccc(Cl)c(O)c1		1
4-AMINOPYRIDINE	504-24-5	960.0	N=c1cc[nH]cc1		1
4-BROMOPHENOL	106-41-2	18.4	Oc1ccc(Br)cc1		1
4-CHLORO-2-METHYLPHENOL	1570-64-5	21.0	Cc1cc(Cl)ccc1O		1
4-METHYL-2,6-DINITROPHENOL	609-93-8	15.0	Cc1cc([N+](=O)[O-])c(O)c([N+](=O)[O-])c1		1
4-Nonylphenol	104-40-5	1.4	CCCCCCCCCc1ccc(O)cc1		1
ABAMECTIN	0065195-55-3|71751-41-2	47.0	CCC(C)[C@H]1O[C@]2(C=C[C@@H]1C)C[C@@H]1C[C@@H](CC=C(C)[C@@H](O[C@H]3C[C@H](OC)[C@@H](O[C@H]4C[C@H](OC)[C@@H](O)[C@H](C)O4)[C@H](C)O3)[C@@H](C)C=CC=C3CO[C@@H]4[C@H](O)C(C)=C[C@@H](C(=O)O1)[C@]34O)O2.CO[C@H]1C[C@H](O[C@H]2[C@H](C)O[C@@H](O[C@@H]3C(C)=CC[C@@H]4C[C@@H](C[C@]5(C=C[C@H](C)[C@@H](C(C)C)O5)O4)OC(=O)[C@@H]4C=C(C)[C@@H](O)[C@H]5OCC(=CC=C[C@@H]3C)[C@]54O)C[C@@H]2OC)O[C@@H](C)[C@@H]1O		1
ACENAPHTHYLENE	208-96-8|34493-60-2	121.3	C1=Cc2cccc3cccc1c23		1
ACEPHATE	30560-19-1	3.0	COP(=O)(N=C(C)O)SC		1
ACEQUINOCYL	57960-19-7	2.0	CCCCCCCCCCCCC1=C(OC(C)=O)C(=O)c2ccccc2C1=O		1
ACETAMIPRID	135410-20-7|160430-64-8	18.0	CC(=NC#N)N(C)Cc1ccc(Cl)nc1		1
ACETOCHLOR	123113-74-6|34256-82-1	14.9	CCOCN(C(=O)CCl)c1c(C)cccc1CC		1
ACIBENZOLAR-S-METHYL	135158-54-2	0.2083333	CSC(=O)c1cccc2nnsc12		1
ACIFLUORFEN-SODIUM	62476-59-9	200.0	O=C([O-])c1cc(Oc2ccc(C(F)(F)F)cc2Cl)ccc1[N+](=O)[O-].[Na+]		1
ACRIDINE	260-94-6|39327-16-7	3.0	c1ccc2nc3ccccc3cc2c1		1
ACRYLAMIDE	79-06-1|9082-06-8	1.875	C=CC(=N)O		1
ALACHLOR	1246817-91-3|15972-60-8	469.0	CCc1cccc(CC)c1N(COC)C(=O)CCl		1
ALLYL ISOTHIOCYANATE	57-06-7	2.0	C=CCN=C=S		1
ALPHACYPERMETHRIN	65731-84-2|67375-30-8|72204-44-5	14.0	CC1(C)[C@H](C(=O)O[C@H](C#N)c2cccc(Oc3ccccc3)c2)[C@@H]1C=C(Cl)Cl		1
ALPHA-HEXACHLOROCYCLOHEXANE	119911-69-2|319-84-6|319-85-7|319-86-8|55963-79-6|58-89-9|608-73-1|6108-10-7|6108-11-8|6108-12-9|6108-13-0	90.0	ClC1C(Cl)C(Cl)C(Cl)C(Cl)C1Cl		5
AMETRYNE	834-12-8	25.0	CCN=c1nc(SC)[nH]c(=NC(C)C)[nH]1		1
AMICARBAZONE	129909-90-6	50.0	CC(C)c1nn(C(O)=NC(C)(C)C)c(=O)n1N		1
Aminocyclopyrachlor	858955-50-7|858956-08-8	433.0	N=c1[nH]c(C2CC2)nc(C(=O)O)c1Cl		1
Aminopyralid	150114-71-9	533.2	Nc1cc(Cl)nc(C(=O)O)c1Cl		1
AMITRAZ	33089-61-1	1.0	Cc1ccc(N=CN(C)C=Nc2ccc(C)cc2C)c(C)c1		1
AMITRIPTYLINE	50-48-6	85.2	CN(C)CCC=C1c2ccccc2CCc2ccccc21		1
AMOXICILLIN	26787-78-0|61336-70-7	1.0	CC1(C)S[C@@H]2[C@H](N=C(O)[C@H](N)c3ccc(O)cc3)C(=O)N2[C@H]1C(=O)O		1
Androstenedione	117598-81-9|63-05-8	3.2	C[C@]12CCC(=O)C=C1CC[C@@H]1[C@@H]2CC[C@]2(C)C(=O)CC[C@@H]12		2
AZADIRACHTIN	11141-17-6|176087-49-3	91.2	CC=C(C)C(=O)O[C@H]1C[C@@H](OC(C)=O)[C@@]2(C(=O)OC)CO[C@H]3[C@@H](O)[C@@](C)([C@]45O[C@@]4(C)[C@H]4C[C@@H]5O[C@@H]5OC=C[C@@]54O)[C@H]4[C@]1(CO[C@]4(O)C(=O)OC)[C@@H]32		1
AZINPHOSMETHYL	86-50-0	68.0	COP(=S)(OC)SCn1nnc2ccccc2c1=O		1
BACITRACIN		22.5	CCC(C)[C@H](N)C1=NCC(C(O)=N[C@@H](CC(C)C)C(O)=N[C@H](CCC(=O)O)C(O)=N[C@H](C(O)=N[C@H]2CCCCN=C(O)[C@H](CC(=N)O)N=C(O)[C@@H](CC(=O)O)N=C(O)[C@H](Cc3cnc[nH]3)N=C(O)[C@@H](Cc3ccccc3)N=C(O)[C@H](C(C)CC)N=C(O)[C@@H](CCCN)N=C2O)C(C)CC)S1	(4R)-4-[(2S)-2-({2-[(1S)-1-amino-2-methylbutyl]- 4,5-dihydro-1,3-thiazol-5-yl}formamido)-4-methylpentanamido]-4-{[(1S)- 1-{[(3S,6R,9S,12R,15S,18R,21S)- 18-(3-aminopropyl)-12-benzyl-15-(butan-2-yl)-3-(carbamoylmethyl)- 6-(carboxymethyl)-9-(1H-imidazol-5-ylmethyl)-2,5,8,11,14,17,20- heptaoxo-1,4,7,10,13,16,19-heptaazacyclopentacosan-21-yl]carbamoyl}- 2-methylbutyl]carbamoyl}butanoic acid	1
BANTROL	13684-83-4|1689-83-4	10.0	N#Cc1cc(I)c(O)c(I)c1		1
BENDIOCARB	22781-23-3	12.0	CN=C(O)Oc1cccc2c1OC(C)(C)O2		1
BENFLURALIN	1861-40-1	86.0	CCCCN(CC)c1c([N+](=O)[O-])cc(C(F)(F)F)cc1[N+](=O)[O-]		1
Bentazon	25057-89-0	46.0	CC(C)N1C(=O)c2ccccc2NS1(=O)=O		1
BENTHIAVALICARB ISOPROPYL	177406-68-7	19.0	CC(C)OC(O)=N[C@H](C(O)=N[C@H](C)c1nc2ccc(F)cc2s1)C(C)C		1
BENZO(B)FLUORANTHENE	1397206-82-4|205-99-2	610.0	c1ccc2c(c1)-c1cccc3c1c-2cc1ccccc13		1
BETANAL	13684-63-4	55.0	COC(O)=Nc1cccc(OC(O)=Nc2cccc(C)c2)c1		1
Bifenazate	149877-41-8	77.9	COc1ccc(-c2ccccc2)cc1NN=C(O)OC(C)C		1
BIFENOX	42576-02-3	7.0	COC(=O)c1cc(Oc2ccc(Cl)cc2Cl)ccc1[N+](=O)[O-]		1
Bifenthrin	439680-76-9|82657-04-3	1410.0	Cc1c(COC(=O)[C@@H]2[C@H](C=C(Cl)C(F)(F)F)C2(C)C)cccc1-c1ccccc1		1
BIS(2-BUTOXYETHYL) PHTHALATE	117-83-9	10.0	CCCCOCCOC(=O)c1ccccc1C(=O)OCCOCCCC		1
BOSCALID	188425-85-6	578.0	OC(=Nc1ccccc1-c1ccc(Cl)cc1)c1cccnc1Cl		1
BRODIFACOUM	56073-10-0|80449-88-3	157.0	O=c1oc2ccccc2c(O)c1C1CC(c2ccc(-c3ccc(Br)cc3)cc2)Cc2ccccc21		1
BROMACIL	314-40-9|8027-85-8	275.0	CCC(C)n1c(O)nc(C)c(Br)c1=O		1
Bromethalin	63333-35-7	178.0	CN(c1c(Br)cc(Br)cc1Br)c1c([N+](=O)[O-])cc([N+](=O)[O-])cc1C(F)(F)F		1
BROMOPHOS	2104-96-3	88.5	COP(=S)(OC)Oc1cc(Cl)c(Br)cc1Cl		1
BROMOXYNIL	1689-84-5|2961-68-4	10.0	N#Cc1cc(Br)c(O)c(Br)c1		1
BROMOXYNIL OCTANOATE	1689-99-2	28.0	CCCCCCCC(=O)Oc1c(Br)cc(C#N)cc1Br		1
Buprofezin	69327-76-0|953030-84-7	120.0	CC(C)N1C(=O)N(c2ccccc2)CSC1=NC(C)(C)C		1
BUTACHLOR	23184-66-9	640.0	CCCCOCN(C(=O)CCl)c1c(CC)cccc1CC		1
BUTOXYCARBOXIM	34681-23-7	44.0	CN=C(O)ON=C(C)C(C)S(C)(=O)=O		1
BUTRALIN	33629-47-9	52.0	CCC(C)Nc1c([N+](=O)[O-])cc(C(C)(C)C)cc1[N+](=O)[O-]		1
Butylate	2008-41-5	24.0	CCSC(=O)N(CC(C)C)CC(C)C		1
Cadusafos	103735-82-6|95465-99-9	42.6	CCOP(=O)(SC(C)CC)SC(C)CC		1
CAPTAFOL	2425-06-1	55.0	O=C1C2CC=CCC2C(=O)N1SC(Cl)(Cl)C(Cl)Cl		1
CARBOXIN	5234-68-4	129.0	CC1=C(C(O)=Nc2ccccc2)SCCO1		1
CARFENTRAZONE-ETHYL	128639-02-1	1.7	CCOC(=O)C(Cl)Cc1cc(-n2nc(C)n(C(F)F)c2=O)c(F)cc1Cl		1
CHLORBROMURON	13360-45-7	66.0	CON(C)C(O)=Nc1ccc(Br)c(Cl)c1		1
CHLORETHOXYFOS	54593-83-8	20.0	CCOP(=S)(OCC)OC(Cl)C(Cl)(Cl)Cl		1
CHLORFENAPYR	122453-73-0	250.0	CCOCn1c(-c2ccc(Cl)cc2)c(C#N)c(Br)c1C(F)(F)F		1
CHLOROBENZILATE	510-15-6	35.0	CCOC(=O)C(O)(c1ccc(Cl)cc1)c1ccc(Cl)cc1		1
CHLOROFENVINPHOS	135373-33-0|18708-87-7|470-90-6	150.0	CCOP(=O)(OCC)OC(=CCl)c1ccc(Cl)cc1Cl		1
CHLORONEB	2675-77-6	180.0	COc1cc(Cl)c(OC)cc1Cl		1
CHLOROPHACINONE	3691-35-8	47.3	O=C1c2ccccc2C(=O)C1C(=O)C(c1ccccc1)c1ccc(Cl)cc1		1
CHLORPYRIFOS-METHYL	5598-13-0	11.0	COP(=S)(OC)Oc1nc(Cl)c(Cl)cc1Cl		1
CHLORSULFURON	112143-77-8|64902-72-3|79793-04-7	28.0	COc1nc(C)nc(=NC(O)=NS(=O)(=O)c2ccccc2Cl)[nH]1		1
CHLORTOLURON	15545-48-9	4730.0	Cc1ccc(N=C(O)N(C)C)cc1Cl		1
CIODRIN	29900-31-0|326-12-5|7700-17-6	3.208333	COP(=O)(OC)OC(C)=CC(=O)OC(C)c1ccccc1		1
Clethodim	99129-21-2	3.0	CCSC(C)CC1CC(=O)C(C(CC)=NOCC=CCl)=C(O)C1		1
CLINDAMYCIN	18323-44-9	86.0	CCC[C@@H]1C[C@@H](C(O)=N[C@@H]([C@H]2O[C@H](SC)[C@H](O)[C@@H](O)[C@H]2O)[C@H](C)Cl)N(C)C1		1
CLODINAFOP-PROPARGYL	105512-06-9|126301-94-8	33.6	C#CCOC(=O)[C@@H](C)Oc1ccc(Oc2ncc(Cl)cc2F)cc1		1
CLOPYRALID	1702-17-6	38.0	O=C(O)c1nc(Cl)ccc1Cl		1
CLORANSULAM-METHYL	147150-35-4	13.0	CCOc1nc(F)cc2nc(S(=O)(=O)Nc3c(Cl)cccc3C(=O)OC)nn12		1
Clothianidin	205510-53-8|210880-92-5	1155.0	CN=C(NCc1cnc(Cl)s1)N[N+](=O)[O-]		1
COUMAPHOS	56-72-4	300.0	CCOP(=S)(OCC)Oc1ccc2c(C)c(Cl)c(=O)oc2c1		1
CRESOL		11.3	Cc1ccccc1O		2
CYANAZINE	21725-46-2	200.0	CCN=c1nc(Cl)nc(NC(C)(C)C#N)[nH]1		1
CYAZOFAMID	120116-88-3	6.4	Cc1ccc(-c2c(Cl)nc(C#N)n2S(=O)(=O)N(C)C)cc1		1
CYCLANILIDE	113136-77-9	95.0	O=C(O)C1(C(O)=Nc2ccc(Cl)cc2Cl)CC1		1
CYCLOATE	1134-23-2	192.0	CCSC(=O)N(CC)C1CCCCC1		1
CYFLUTHRIN	68359-37-5	116.0	CC1(C)C(C=C(Cl)Cl)C1C(=O)OC(C#N)c1ccc(F)c(Oc2ccccc2)c1		1
CYHALOTHRIN	1456768-92-5|68085-85-8	84.0	CC1(C)C(C=C(Cl)C(F)(F)F)C1C(=O)OC(C#N)c1cccc(Oc2ccccc2)c1		1
CYMOXANIL	166900-80-7|57966-95-7	7.0	CCN=C(O)N=C(O)C(C#N)=NOC		1
CYPERMETHRIN	137497-61-1|211504-93-7|52315-07-8|71697-59-1|72204-44-5|86753-92-6|97955-44-7	71.0	CC1(C)C(C=C(Cl)Cl)C1C(=O)OC(C#N)c1cccc(Oc2ccccc2)c1		1
CYPROCONAZOLE	113096-99-4|94361-06-5	129.0	CC(C1CC1)C(O)(Cn1cncn1)c1ccc(Cl)cc1		1
D(+)-Glucose	2280-44-6|50-99-7|54-17-1	19.0	OC[C@H]1OC(O)[C@H](O)[C@@H](O)[C@@H]1O		1
DAMINOZIDE	1596-84-5	0.3958333	CN(C)N=C(O)CCC(=O)O		1
DDD	72-54-8	160.0	Clc1ccc(C(c2ccc(Cl)cc2)C(Cl)Cl)cc1		1
DELTAMETHRIN	52918-63-5|62229-77-0	72.0	CC1(C)[C@H](C(=O)O[C@H](C#N)c2cccc(Oc3ccccc3)c2)[C@@H]1C=C(Br)Br		1
DEMETON-S-METHYL	919-86-8	26.0	CCSCCSP(=O)(OC)OC		1
DESETHYL ATRAZINE	6190-65-4	58.7	CC(C)N=c1[nH]c(Cl)nc(=N)[nH]1		1
Dibenzo(a,i)pyrene	189-55-9	371.0	c1ccc2c(c1)cc1ccc3cc4ccccc4c4ccc2c1c34		1
DICHLOBENIL	104809-79-2|1194-65-6	346.0	N#Cc1c(Cl)cccc1Cl		1
DICHLOROPROP	120-36-5|7547-66-2	52.0	CC(Oc1ccc(Cl)cc1Cl)C(=O)O		1
DICHLOROPROPENE		16.0	CC=C(Cl)Cl		1
Dichlorvos	62-73-7	16.0	COP(=O)(OC)OC=C(Cl)Cl		1
DICOFOL	115-32-2	348.0	OC(c1ccc(Cl)cc1)(c1ccc(Cl)cc1)C(Cl)(Cl)Cl		1
DICROTOPHOS	141-66-2|3735-78-2	7.0	COP(=O)(OC)OC(C)=CC(=O)N(C)C		1
DIFENACOUM	56073-07-5	439.0	O=c1oc2ccccc2c(O)c1C1CC(c2ccc(-c3ccccc3)cc2)Cc2ccccc21		1
Difenoconazole	119446-68-3	1600.0	CC1COC(Cn2cncn2)(c2ccc(Oc3ccc(Cl)cc3)cc2Cl)O1		1
DIFLUBENZURON	35367-38-5	27.0	O=C(N=C(O)c1c(F)cccc1F)Nc1ccc(Cl)cc1		1
DIFLUFENZOPYR	109293-97-2|1957168-02-3	10.0	CC(=NNC(O)=Nc1cc(F)cc(F)c1)c1ncccc1C(=O)O		1
DIHEXYL PHTHALATE	84-75-3	9.7	CCCCCCOC(=O)c1ccccc1C(=O)OCCCCCC		1
Diiodomethyl p-tolyl sulfone	20018-09-1|66456-97-1	173.0	Cc1ccc(S(=O)(=O)C(I)I)cc1		1
DIISOPROPYL METHYLPHOSPHONATE	1445-75-6	730.0	CC(C)OP(C)(=O)OC(C)C		1
Dikegulac sodium	52508-35-7	15.0	CC1(C)OC[C@@H]2O[C@@]3(C(=O)[O-])OC(C)(C)O[C@H]3[C@@H]2O1.[Na+]		1
Dimethenamid-P	163515-14-8	79.0	COC[C@H](C)N(C(=O)CCl)c1c(C)csc1C		1
DIMETHOATE	60-51-5	122.0	CN=C(O)CSP(=S)(OC)OC		1
DIMETHYL TETRACHLOROTEREPHTHALATE	1861-32-1	105.0	COC(=O)c1c(Cl)c(Cl)c(C(=O)OC)c(Cl)c1Cl		1
Dimethylselenide	593-79-3	36.45833	C[Se]C		1
Dinotefuran	165252-70-0	81.5	CN=C(NCC1CCOC1)N[N+](=O)[O-]		1
DINOTERB	1420-07-1	46.0	CC(C)(C)c1cc([N+](=O)[O-])cc([N+](=O)[O-])c1O		1
Diphacinone	82-66-6	31.7	O=C1c2ccccc2C(=O)C1C(=O)C(c1ccccc1)c1ccccc1		1
DIPHENAMID	5104-31-4|957-51-7	36.0	CN(C)C(=O)C(c1ccccc1)c1ccccc1		1
DISULFOTON	298-04-4	50.0	CCOP(=S)(OCC)SCCSCC		1
Dithiopyr	97886-45-8	61.0	CSC(=O)c1c(C(F)F)nc(C(F)(F)F)c(C(=O)SC)c1CC(C)C		1
DIUNDECYL PHTHALATE	3648-20-2|39393-37-8	17.5	CCCCCCCCCCCOC(=O)c1ccccc1C(=O)OCCCCCCCCCCC		1
DYRENE	101-05-3	2.5	Clc1nc(Cl)[nH]c(=Nc2ccccc2Cl)n1		1
EDIFENPHOS	17109-49-8	6.0	CCOP(=O)(Sc1ccccc1)Sc1ccccc1		1
EMAMECTIN	111018-85-0|119791-41-2|121124-29-6|137335-79-6|137512-74-4|155569-91-8	366.0	CC[C@H](C)[C@H]1O[C@]2(C=C[C@@H]1C)C[C@@H]1C[C@@H](CC=C(C)[C@@H](O[C@H]3C[C@H](OC)[C@@H](O[C@H]4C[C@H](OC)[C@@H](NC)[C@H](C)O4)[C@H](C)O3)[C@@H](C)C=CC=C3CO[C@@H]4[C@H](O)C(C)=C[C@@H](C(=O)O1)[C@]34O)O2		1
ENDOSULFAN	115-29-7	430.0	O=S1OCC2C(CO1)C1(Cl)C(Cl)=C(Cl)C2(Cl)C1(Cl)Cl		1
ENDOSULFAN SULFATE		164.0	O=S1(=O)OCC2C(CO1)C1(Cl)C(Cl)=C(Cl)C2(Cl)C1(Cl)Cl		1
ENDRIN	72-20-8	4300.0	ClC1=C(Cl)[C@]2(Cl)[C@@H]3[C@H]4C[C@H]([C@@H]5O[C@H]45)[C@@H]3[C@@]1(Cl)C2(Cl)Cl		1
EPN	2104-64-5	56.0	CCOP(=S)(Oc1ccc([N+](=O)[O-])cc1)c1ccccc1		1
Erythromycin	114-07-8|215031-94-0|7540-22-9|82343-12-2	11.0	CC[C@H]1OC(=O)[C@H](C)[C@@H](O[C@H]2C[C@@](C)(OC)[C@@H](O)[C@H](C)O2)[C@H](C)[C@@H](O[C@@H]2O[C@H](C)C[C@H](N(C)C)[C@H]2O)[C@](C)(O)C[C@@H](C)C(=O)[C@H](C)[C@@H](O)[C@]1(C)O		1
ETHALFLURALIN	55283-68-6|69481-52-3	46.0	C=C(C)CN(CC)c1c([N+](=O)[O-])cc(C(F)(F)F)cc1[N+](=O)[O-]		1
ETHEPHON	16672-87-0	7.5	O=P(O)(O)CCCl		1
ETHIOFENCARB	29973-13-5	14.0	CCSCc1ccccc1OC(O)=NC		1
ETHION	563-12-2	168.0	CCOP(=S)(OCC)SCSP(=S)(OCC)OCC		1
ETHOFUMESATE	26225-79-6|67293-74-7	253.0	CCOC1Oc2ccc(OS(C)(=O)=O)cc2C1(C)C		1
ETHOPROP	13194-48-4	56.0	CCCSP(=O)(OCC)SCCC		1
ETHYLENE DIBROMIDE	106-93-4	350.0	BrCCBr		1
ETOXAZOLE	153233-91-1	20.5	CCOc1cc(C(C)(C)C)ccc1C1COC(c2c(F)cccc2F)=N1		1
Etridiazole	2593-15-9	9.5	CCOc1nc(C(Cl)(Cl)Cl)ns1		1
FAMOXADONE	131807-57-3	28.0	CC1(c2ccc(Oc3ccccc3)cc2)OC(=O)N(Nc2ccccc2)C1=O		1
FENAMIPHOS	22224-92-6	119.0	CCOP(=O)(NC(C)C)Oc1ccc(SC)c(C)c1		1
FENITROTHION	122-14-5	1608.0	COP(=S)(OC)Oc1ccc([N+](=O)[O-])c(C)c1		1
FENPROPATHRIN	39515-41-8|64257-84-7	28.0	CC1(C)C(C(=O)OC(C#N)c2cccc(Oc3ccccc3)c2)C1(C)C		1
Fenpyroximate	111812-58-9|134098-61-6	49.7	Cc1nn(C)c(Oc2ccccc2)c1C=NOCc1ccc(C(=O)OC(C)(C)C)cc1		1
FENSULFOTHION	115-90-2	168.0	CCOP(=S)(OCC)Oc1ccc(S(C)=O)cc1		1
FLUAZIFOP-BUTYL	69806-50-4|86334-14-7	7.0	CCCCOC(=O)C(C)Oc1ccc(Oc2ccc(C(F)(F)F)cn2)cc1		1
FLUAZINAM	79622-59-6	49.0	O=[N+]([O-])c1cc(C(F)(F)F)c(Cl)c([N+](=O)[O-])c1Nc1ncc(C(F)(F)F)cc1Cl		1
Flubendiamide	272451-65-7	770.0	Cc1cc(C(F)(C(F)(F)F)C(F)(F)F)ccc1NC(=O)c1cccc(I)c1C(O)=NC(C)(C)CS(C)(=O)=O		1
Flucarbazone-sodium		76.0	COc1nn(C([O-])=NS(=O)(=O)c2ccccc2OC(F)(F)F)c(=O)n1C.[Na+]		1
FLUCHLORALIN	33245-39-5	155.0	CCCN(CCCl)c1c([N+](=O)[O-])cc(C(F)(F)F)cc1[N+](=O)[O-]		1
Fludioxonil	131341-86-1	365.0	N#Cc1c[nH]cc1-c1cccc2c1OC(F)(F)O2		1
FLUFENACET	142459-58-3	34.0	CC(C)N(C(=O)COc1nnc(C(F)(F)F)s1)c1ccc(F)cc1		1
Flumetsulam	98967-40-9	246.0	Cc1ccn2nc(S(=O)(=O)Nc3c(F)cccc3F)nc2n1		1
FLUMIOXAZIN	103361-09-7	17.5	C#CCN1C(=O)COc2cc(F)c(N3C(=O)C4=C(CCCC4)C3=O)cc21		1
FLUOMETURON	2164-17-2	315.0	CN(C)C(O)=Nc1cccc(C(F)(F)F)c1		1
Fluoxastrobin	193740-76-0|361377-29-9	393.0	CON=C(C1=NOCCO1)c1ccccc1Oc1ncnc(Oc2ccccc2Cl)c1F		1
FLURIDONE	59756-60-4	360.0	Cn1cc(-c2ccccc2)c(=O)c(-c2cccc(C(F)(F)F)c2)c1		1
Fluroxypyr	69377-81-7	23.0	Nc1c(Cl)c(F)nc(OCC(=O)O)c1Cl		1
Flutolanil	66332-96-5	300.0	CC(C)Oc1cccc(N=C(O)c2ccccc2C(F)(F)F)c1		1
FLUVALINATE	69409-94-5	15.0	CC(C)C(Nc1ccc(C(F)(F)F)cc1Cl)C(=O)OC(C#N)c1cccc(Oc2ccccc2)c1		1
FOLPET	133-07-3	75.4	O=C1c2ccccc2C(=O)N1SC(Cl)(Cl)Cl		1
FOMESAFEN	72178-02-0	365.0	CS(=O)(=O)N=C(O)c1cc(Oc2ccc(C(F)(F)F)cc2Cl)ccc1[N+](=O)[O-]		1
FONOFOS	944-22-9|994-22-9	150.0	CCOP(=S)(CC)Sc1ccccc1		1
Foramsulfuron	173159-57-4	40.0	COc1cc(OC)nc(N=C(O)NS(=O)(=O)c2cc(N=CO)ccc2C(=O)N(C)C)n1		1
Forchlorfenuron	68157-60-8	1659.0	OC(=Nc1ccccc1)Nc1ccnc(Cl)c1		1
Fosthiazate	98886-44-3	87.7	CCOP(=O)(SC(C)CC)N1CCSC1=O		1
FURATHIOCARB	65907-30-4	6.0	CCCCOC(=O)N(C)SN(C)C(=O)Oc1cccc2c1OC(C)(C)C2		1
Galaxolide	1222-05-5	120.0	CC1COCc2cc3c(cc21)C(C)(C)C(C)C3(C)C		1
GASOLINE	86290-81-5	71.0	CC(C=Cn1ccc2ccccc21)CCCC(C)(C)O		1
GLUFOSINATE-AMMONIUM	77182-82-2	20.0	CP(=O)(O)CCC(N)C(=O)O.N		1
Glutaraldehyde	111-30-8	1.7	O=CCCCC=O		1
GLYPHOSATE	1071-83-6|81591-81-3|994-61-6	130.0	O=C(O)CNCP(=O)(O)O		1
HEPTENOPHOS	23560-59-0	1.4	COP(=O)(OC)OC1=C(Cl)C2C=CCC12		1
HEXABROMOCYCLODODECANE		1039.0	BrC1(Br)CCCCCCCCCC(Br)(Br)C1(Br)Br		1
HEXACHLORODIBENZO-p-DIOXIN	34465-46-8|39227-28-6	7305.0	Clc1cc2c(cc1Cl)Oc1c(Cl)c(Cl)c(Cl)c(Cl)c1O2		1
HEXACHLORONAPHTHALENE	1335-87-1|58877-88-6	180.0	Clc1ccc2c(Cl)c(Cl)c(Cl)c(Cl)c2c1Cl		1
HEXAFLUMURON	86479-06-3	190.0	OC(=Nc1cc(Cl)c(OC(F)(F)C(F)F)c(Cl)c1)N=C(O)c1c(F)cccc1F		1
Hexazinone	51235-04-2	502.0	CN(C)c1nc(=O)n(C2CCCCC2)c(=O)n1C		1
Hexythiazox	78587-05-0	110.0	C[C@H]1[C@H](c2ccc(Cl)cc2)SC(=O)N1C(O)=NC1CCCCC1		1
HYDRAMETHYLNON	67485-29-4	385.0	CC1(C)CN=C(NN=C(C=Cc2ccc(C(F)(F)F)cc2)C=Cc2ccc(C(F)(F)F)cc2)NC1		1
IMAZALIL	35554-44-0|73790-28-0	166.0	C=CCOC(Cn1ccnc1)c1ccc(Cl)cc1Cl		1
Imazamox	114311-32-9|221298-64-2	25.0	COCc1cnc(C2=NC(=O)C(C)(C(C)C)N2)c(C(=O)O)c1		1
Imazapic	104098-48-8|81334-60-3	410.0	Cc1cnc(C2=NC(=O)C(C)(C(C)C)N2)c(C(=O)O)c1		1
IMAZAPYR	81334-34-1|94795-74-1	155.0	CC(C)C1(C)NC(c2ncccc2C(=O)O)=NC1=O		1
IMAZETHAPYR	81335-77-5	257.28	CCc1cnc(C2=NC(=O)C(C)(C(C)C)N2)c(C(=O)O)c1		1
Imazosulfuron	122548-33-8	60.0	COc1cc(OC)nc(N=C(O)NS(=O)(=O)c2c(Cl)nc3ccccn23)n1		1
INDENO(1,2,3-CD)PYRENE	193-39-5	730.0	c1ccc2c(c1)-c1ccc3ccc4cccc5cc-2c1c3c45		1
IODOFENPHOS	18181-70-9	85.1	COP(=S)(OC)Oc1cc(Cl)c(I)cc1Cl		1
IPRODIONE	36734-19-7|61840-50-4	30.0	CC(C)N=C(O)N1CC(=O)N(c2cc(Cl)cc(Cl)c2)C1=O		1
ISAZOFOS	42509-80-8	40.5	CCOP(=S)(OCC)Oc1nc(Cl)n(C(C)C)n1		1
ISOBENZAN	297-78-9	182.0	ClC1=C(Cl)C2(Cl)C3C(Cl)OC(Cl)C3C1(Cl)C2(Cl)Cl		1
ISOFENPHOS	103982-06-5|103982-07-6|25311-71-1	365.0	CCOP(=S)(NC(C)C)Oc1ccccc1C(=O)OC(C)C		1
Isoprene	26796-44-1|78-79-5|9006-04-6|9041-65-0	0.25	C=CC(=C)C		1
ISOSYSTOX	126-75-0	26.0	CCOP(=O)(OCC)SCCSCC		1
ISOXABEN	82558-50-7	202.0	CCC(C)(CC)c1cc(NC(=O)c2c(OC)cccc2OC)on1		1
ISOXAFLUTOLE	141112-29-0	9.6	CS(=O)(=O)c1cc(C(F)(F)F)ccc1C(=O)c1cnoc1C1CC1		1
ISOXATHION	18854-01-8	40.0	CCOP(=S)(OCC)Oc1cc(-c2ccccc2)on1		1
LACTOFEN	77501-63-4|83513-60-4	30.0	CCOC(=O)C(C)OC(=O)c1cc(Oc2ccc(C(F)(F)F)cc2Cl)ccc1[N+](=O)[O-]		1
LIMONENE	138-86-3|7705-14-8	0.83	C=C(C)C1CC=C(C)CC1		1
LINCOMYCIN	154-21-2	9.9	CCC[C@@H]1C[C@@H](C(O)=N[C@@H]([C@H]2O[C@H](SC)[C@H](O)[C@@H](O)[C@H]2O)[C@@H](C)O)N(C)C1		1
MALEIC HYDRAZIDE	116595-47-2|123-33-1	3.0	Oc1ccc(O)nn1		1
Mancozeb	8018-01-7	3.0	SC(S)=NCCN=C(S)S.SC(S)=NCCN=C(S)S.SC(S)=NCCN=C(S)S.SC(S)=NCCN=C(S)S.SC(S)=NCCN=C(S)S.[Mn+2].[Mn+2].[Mn+2].[Mn+2].[Mn+2].[Mn+2].[Mn+2].[Mn+2].[Mn+2].[S-]C([S-])=NCCN=C([S-])[S-].[S-]C([S-])=NCCN=C([S-])[S-].[S-]C([S-])=NCCN=C([S-])[S-].[S-]C([S-])=NCCN=C([S-])[S-].[S-]C([S-])=NCCN=C([S-])[S-].[Zn+2]		1
m-CRESOL	108-39-4	11.3	Cc1cccc(O)c1		1
MECARBAM	2595-54-2	77.0	CCOC(=O)N(C)C(=O)CSP(=S)(OCC)OCC		1
Mefluidide	53780-34-0	12.0	CC(O)=Nc1cc(NS(=O)(=O)C(F)(F)F)c(C)cc1C		1
MENAZON	78-57-9	23.0	COP(=S)(OC)SCc1nc(=N)[nH]c(=N)[nH]1		1
MEPIQUAT CHLORIDE	24307-26-4	87.2	C[N+]1(C)CCCCC1.[Cl-]		1
METALAXYL	57837-19-1	70.0	COCC(=O)N(c1c(C)cccc1C)C(C)C(=O)OC		1
Metaldehyde	108-62-3|37273-91-9	60.0	CC1OC(C)OC(C)OC(C)O1		1
METFORMIN	657-24-9	5.0	CN(C)C(=N)NC(=N)N		1
METHIDATHION	950-37-8	11.0	COc1nn(CSP(=S)(OC)OC)c(=O)s1		1
METHIOCARB	2032-65-7	111.0	CN=C(O)Oc1cc(C)c(SC)c(C)c1		1
METHOMYL	16752-77-5	42.0	CN=C(O)ON=C(C)SC		1
METHOPRENE	36557-27-4|40596-69-8|41205-06-5|52020-07-2	10.0	COC(C)(C)CCCC(C)CC=CC(C)=CC(=O)OC(C)C		1
METHYL ISOTHIOCYANATE	556-61-6	50.0	CN=C=S		1
Metofluthrin	240494-70-6	8.0	CC=CC1C(C(=O)OCc2c(F)c(F)c(COC)c(F)c2F)C1(C)C		1
METOLCARB	1129-41-5	55.0	CN=C(O)Oc1cccc(C)c1		1
METRIBUZIN	21087-64-9	439.0	CSc1nnc(C(C)(C)C)c(=O)n1N		1
METRONIDAZOLE	443-48-1|56010-45-8	26.9	Cc1ncc([N+](=O)[O-])n1CCO		1
METSULFURON-METHYL	74223-64-6	54.0	COC(=O)c1ccccc1S(=O)(=O)N=C(O)N=c1nc(C)nc(OC)[nH]1		1
MEVINPHOS	26718-65-0|298-01-1|7786-34-7	0.5	COC(=O)C=C(C)OP(=O)(OC)OC		1
MEXACARBATE	315-18-4	9.32	CN=C(O)Oc1cc(C)c(N(C)C)c(C)c1		1
MGK 264	208521-24-8	341.0	CCCCC(CC)CN1C(=O)[C@@H]2[C@H](C1=O)[C@@H]1C=C[C@H]2C1		1
MOBAM	1079-33-0	90.0	CN=C(O)Oc1cccc2sccc12		1
MOLINATE	2212-67-1	160.0	CCSC(=O)N1CCCCCC1		1
MONOCROTOPHOS	6923-22-4	5.0	CN=C(O)C=C(C)OP(=O)(OC)OC		1
MYCLOBUTANIL	244094-39-1|244094-40-4|88671-89-0	66.0	CCCCC(C#N)(Cn1cncn1)c1ccc(Cl)cc1		1
N,N-DIBUTYLNITROSOAMINE	924-16-3	21.0	CCCCN(CCCC)N=O		1
NALED	300-76-5	6.0	COP(=O)(OC)OC(Br)C(Cl)(Cl)Br		1
NAPROAMIDE		507.0	CCN(CC)C(=O)C(C)Oc1cccc2ccccc12	N,N-Diethyl-2-naphthalen-1-yloxypropanamide	2
Nicosulfuron	111991-09-4	26.0	COc1cc(OC)nc(N=C(O)NS(=O)(=O)c2ncccc2C(=O)N(C)C)n1		1
Nitenpyram	120738-89-8|150824-47-8	15.0	CCN(Cc1ccc(Cl)nc1)C(=C[N+](=O)[O-])NC		1
NITRALIN	4726-14-1	111.0	CCCN(CCC)c1c([N+](=O)[O-])cc(S(C)(=O)=O)cc1[N+](=O)[O-]		1
NITRILOTRIACETIC ACID	139-13-9|49784-42-1|80751-51-5	5.2	O=C(O)CN(CC(=O)O)CC(=O)O		1
Nitrotriazolone	932-64-9	2.0	O=[N+]([O-])c1nc(O)n[nH]1		1
NONYLPHENOL		51.0	CCCCCCCCCc1ccccc1O		1
NORFLURAZON	27314-13-2	225.0	CNc1cnn(-c2cccc(C(F)(F)F)c2)c(=O)c1Cl		1
NORTRIPTYLINE	72-69-5	40.5	CNCCC=C1c2ccccc2CCc2ccccc21		1
OCHRATOXIN A	303-47-9	1.0	C[C@@H]1Cc2c(Cl)cc(C(O)=N[C@@H](Cc3ccccc3)C(=O)O)c(O)c2C(=O)O1		1
Octhilinone	26530-20-1	30.0	CCCCCCCCn1sccc1=O		1
OLAQUINDOX	23696-28-2|23696-28-8	8.8	Cc1c(C(O)=NCCO)[n+](=O)c2ccccc2n1[O-]		1
OMETHOATE	1113-02-6	14.0	CN=C(O)CSP(=O)(OC)OC		1
ORYZALIN	19044-88-3	132.0	CCCN(CCC)c1c([N+](=O)[O-])cc(S(N)(=O)=O)cc1[N+](=O)[O-]		1
OXADIAZON	19666-30-9	577.0	CC(C)Oc1cc(-n2nc(C(C)(C)C)oc2=O)c(Cl)cc1Cl		1
OXAMYL	23135-22-0	46.0	CN=C(O)ON=C(SC)C(=O)N(C)C		1
OXYCARBOXIN	5259-88-1	56.0	CC1=C(C(O)=Nc2ccccc2)S(=O)(=O)CCO1		1
OXYFLUOROFEN	42874-03-3	12.0	CCOc1cc(Oc2ccc(C(F)(F)F)cc2Cl)ccc1[N+](=O)[O-]		1
OXYTHIOQUINOX	2439-01-2	3.7	Cc1ccc2nc3sc(=O)sc3nc2c1		1
Paraquat	3240-78-6|4685-14-7	3652.0	C[n+]1ccc(-c2cc[n+](C)cc2)cc1		1
PEBULATE	1114-71-2|114-71-2	60.0	CCCCN(CC)C(=O)SCCC		1
Pendimethalin	40487-42-1	52.2	CCC(CC)Nc1c([N+](=O)[O-])cc(C)c(C)c1[N+](=O)[O-]		1
Penoxsulam	219714-96-2	58.0	COc1cnc(OC)n2nc(NS(=O)(=O)c3c(OCC(F)F)cccc3C(F)(F)F)nc12		1
PENTACHLORONITROBENZENE	82-68-8	1059.0	O=[N+]([O-])c1c(Cl)c(Cl)c(Cl)c(Cl)c1Cl		1
PERMETHRIN	52341-32-9|52341-33-0|52645-53-1|82523-59-9|93389-07-2	126.0	CC1(C)C(C=C(Cl)Cl)C1C(=O)OCc1cccc(Oc2ccccc2)c1		1
PHORATE	298-02-2	10.0	CCOP(=S)(OCC)SCSCC		1
PHOSPHAMIDON	13171-21-6|23783-98-4	28.0	CCN(CC)C(=O)C(Cl)=C(C)OP(=O)(OC)OC		1
PICLORAM	1918-02-1|19180-02-1	513.0	Nc1c(Cl)c(Cl)nc(C(=O)O)c1Cl		1
PIPERALIN	3478-94-2	100.0	CC1CCCCN1CCCOC(=O)c1ccc(Cl)c(Cl)c1		1
Piperonyl butoxide	51-03-6	14.0	CCCCOCCOCCOCc1cc2c(cc1CCC)OCO2		1
PIRIMICARB	23103-98-2	234.0	Cc1nc(N(C)C)nc(OC(=O)N(C)C)c1C		1
PIRIMIPHOS-ETHYL	23505-41-1	70.0	CCOP(=S)(OCC)Oc1cc(C)nc(N(CC)CC)n1		1
PRIMISULFURON-METHYL	86209-51-0	89.0	COC(=O)c1ccccc1S(=O)(=O)NC(O)=Nc1nc(OC(F)F)cc(OC(F)F)n1		1
PROFENOFOS	41198-08-7|81116-98-5|81123-19-5	3.0	CCCSP(=O)(OCC)Oc1ccc(Br)cc1Cl		1
PROFLURALIN	26399-36-0	110.0	CCCN(CC1CC1)c1c([N+](=O)[O-])cc(C(F)(F)F)cc1[N+](=O)[O-]		1
PROMETON	1610-18-0	932.0	COc1nc(=NC(C)C)[nH]c(=NC(C)C)[nH]1		1
PROMETRYNE	1705649-52-0|7287-19-6	360.0	CSc1nc(=NC(C)C)[nH]c(=NC(C)C)[nH]1		1
PRONAMIDE	23950-58-5	60.0	C#CC(C)(C)N=C(O)c1cc(Cl)cc(Cl)c1		1
PROPACHLOR	1918-16-7	2.7	CC(C)N(C(=O)CCl)c1ccccc1		1
PROPANIL	709-98-8	2.3	CCC(O)=Nc1ccc(Cl)c(Cl)c1		1
PROPARGYL ALCOHOL	107-19-7	13.0	C#CCO		1
PROPAZINE	139-40-2|1655498-05-7	127.0	CC(C)N=c1nc(Cl)[nH]c(=NC(C)C)[nH]1		1
PROPICONAZOLE	120523-07-1|1246818-14-3|60207-90-1|75881-82-2	210.0	CCCC1COC(Cn2cncn2)(c2ccc(Cl)cc2Cl)O1		1
Propoxycarbazone-sodium	181274-15-7	103.0	CCCOc1nn(C([O-])=NS(=O)(=O)c2ccccc2C(=O)OC)c(=O)n1C.[Na+]		1
Prosulfuron	94125-34-5	229.0	COc1nc(C)nc(=NC(O)=NS(=O)(=O)c2ccccc2CCC(F)(F)F)[nH]1		1
Prothioconazole	178928-70-6	1336.0	OC(Cc1ccccc1Cl)(Cn1[nH]cnc1=S)C1(Cl)CC1		1
PYMETROZINE	123312-89-0	38.0	CC1=NN=C(O)N(N=Cc2cccnc2)C1		1
PYRACLOSTROBIN	175013-18-0	36.0	COC(=O)N(OC)c1ccccc1COc1ccn(-c2ccc(Cl)cc2)n1		1
Pyrasulfotole	365400-11-9	99.0	Cc1[nH]n(C)c(=O)c1C(=O)c1ccc(C(F)(F)F)cc1S(C)(=O)=O		1
Pyridalyl	179101-81-6	346.6	FC(F)(F)c1ccc(OCCCOc2c(Cl)cc(OCC=C(Cl)Cl)cc2Cl)nc1		1
PYRIMETHANIL	53112-28-0	82.0	Cc1cc(C)nc(Nc2ccccc2)n1		1
Quinoxyfen	124495-18-7	508.0	Fc1ccc(Oc2ccnc3cc(Cl)cc(Cl)c23)cc1		1
QUIZALOFOP-ETHYL	100760-10-9|76578-14-8	60.0	CCOC(=O)C(C)Oc1ccc(Oc2cnc3cc(Cl)ccc3n2)cc1		1
Rimsulfuron	122931-48-0	24.5	CCS(=O)(=O)c1cccnc1S(=O)(=O)NC(O)=Nc1nc(OC)cc(OC)n1		1
ROTENONE	83-79-4	25.0	C=C(C)[C@H]1Cc2c(ccc3c2O[C@@H]2COc4cc(OC)c(OC)cc4[C@@H]2C3=O)O1		1
SALINOMYCIN	53003-10-4	5.0	CC[C@@H](C(=O)[C@@H](C)[C@@H](O)[C@H](C)[C@@H]1O[C@@H]([C@@H](CC)C(=O)O)CC[C@@H]1C)[C@H]1O[C@]2(C=C[C@@H](O)[C@]3(CC[C@@](C)([C@H]4CC[C@](O)(CC)[C@H](C)O4)O3)O2)[C@H](C)C[C@@H]1C		1
SETHOXYDIM	1262311-71-6|71441-80-0|74051-80-2	50.0	CCCC(=NOCC)C1=C(O)CC(CC(C)SCC)CC1=O		1
SIDURON	1982-49-6	150.0	CC1CCCCC1NC(O)=Nc1ccccc1		1
Stearic acid	18639-67-3|57-11-4	13.025	CCCCCCCCCCCCCCCCCC(=O)O		1
SULFAMETHAZINE	57-68-1	7.6	Cc1cc(C)nc(NS(=O)(=O)c2ccc(N)cc2)n1		1
SULFENTRAZONE	122836-35-5	3285.0	Cc1nn(-c2cc(NS(C)(=O)=O)c(Cl)cc2Cl)c(=O)n1C(F)F		1
Sulfometuron-methyl	74222-97-2	25.0	COC(=O)c1ccccc1S(=O)(=O)NC(O)=Nc1nc(C)cc(C)n1		1
SULPROFOS	35400-43-2	28.0	CCCSP(=S)(OCC)Oc1ccc(SC)cc1		1
SWEP	1918-18-9	42.0	COC(O)=Nc1ccc(Cl)c(Cl)c1		1
SYSTOX	8065-48-3	26.0	CCOP(=O)(OCC)SCCSCC.CCOP(=S)(OCC)OCCSCC		1
TEBUFENOZIDE	112410-23-8|142583-69-5	179.0	CCc1ccc(C(=O)NN(C(=O)c2cc(C)cc(C)c2)C(C)(C)C)cc1		1
TEBUPIRIMFOS	96182-53-5	343.0	CCOP(=S)(Oc1cnc(C(C)(C)C)nc1)OC(C)C		1
TEBUTHIURON	34014-18-1	1077.0	CN=C(O)N(C)c1nnc(C(C)(C)C)s1		1
TERBACIL	5902-51-2	653.0	Cc1nc(O)n(C(C)(C)C)c(=O)c1Cl		1
TERBUFOS	13071-79-9	86.6	CCOP(=S)(OCC)SCSC(C)(C)C		1
TERBUTRYNE	886-50-0	227.0	CCN=c1nc(NC(C)(C)C)[nH]c(SC)n1		1
TERPINOLENE	586-62-9	3.0	CC1=CCC(=C(C)C)CC1		1
TETRACHLORVINPHOS	22248-79-9	4.4	COP(=O)(OC)OC(=CCl)c1cc(Cl)c(Cl)cc1Cl		1
TETRYL	479-45-8	90.0	CN(c1c([N+](=O)[O-])cc([N+](=O)[O-])cc1[N+](=O)[O-])[N+](=O)[O-]		1
THIABENDAZOLE	148-79-8	403.0	c1ccc2[nH]c(-c3cscn3)nc2c1		1
Thiacloprid	1119449-18-1|111988-49-9	142.0	N#CN=C1SCCN1Cc1ccc(Cl)nc1		1
THIAZOPYR	117718-60-2|147172-37-0	437.0	COC(=O)c1c(C(F)F)nc(C(F)(F)F)c(C2=NCCS2)c1CC(C)C		1
THIFENSULFURON-METHYL	79277-27-3	27.0	COC(=O)c1sccc1S(=O)(=O)N=C(O)N=c1nc(C)nc(OC)[nH]1		1
THIOBENCARB	28249-77-6	137.0	CCN(CC)C(=O)SCc1ccc(Cl)cc1		1
THIONAZIN	297-97-2	14.0	CCOP(=S)(OCC)Oc1cnccn1		1
THIOUREA	17356-08-0|62-56-6	18.7	N=C(N)S		1
TIAMULIN	55297-95-5	16.0	C=C[C@]1(C)C[C@@H](OC(=O)CSCCN(CC)CC)[C@]2(C)[C@H](C)CC[C@]3(CCC(=O)[C@H]32)[C@@H](C)[C@@H]1O		1
TOLYLFLUANID	731-27-1	2.0	Cc1ccc(N(SC(F)(Cl)Cl)S(=O)(=O)N(C)C)cc1		1
TRALKOXYDIM		35.0	CCON=C(CC)C1=C(O)CC(c2c(C)cc(C)cc2C)CC1=O	2-[1-(Ethoxyimino)propyl]-3-hydroxy-5-(2,4,6-trimethylphenyl)-2-cyclohexen-1-one	1
Tralomethrin	66841-25-6	84.0	CC1(C)C(C(=O)OC(C#N)c2cccc(Oc3ccccc3)c2)C1C(Br)C(Br)(Br)Br		1
trans-1,2-Dichloroethylene	15075-90-8|156-60-5	23.0	ClC=CCl		1
TRIADIMEFON	43121-43-3	26.0	CC(C)(C)C(=O)C(Oc1ccc(Cl)cc1)n1cncn1		1
Triasulfuron	82097-50-5	76.0	COc1nc(C)nc(=NC(O)=NS(=O)(=O)c2ccccc2OCCCl)[nH]1		1
TRIAZOPHOS	24017-47-8	87.0	CCOP(=S)(OCC)Oc1ncn(-c2ccccc2)n1		1
TRIBENURON-METHYL	101200-48-0	21.0	COC(=O)c1ccccc1S(=O)(=O)N=C(O)N(C)c1nc(C)nc(OC)n1		1
TRIBUFOS	37251-32-4|78-48-8	745.0	CCCCSP(=O)(SCCCC)SCCCC		1
TRICHLORFON	26373-97-7|52-68-6|56042-26-3|56042-27-4	27.0	COP(=O)(OC)C(O)C(Cl)(Cl)Cl		1
TRICHLOROACETIC ACID	76-03-9	119.6	O=C(O)C(Cl)(Cl)Cl		1
TRICHLORONATE	327-98-0	180.0	CCOP(=S)(CC)Oc1cc(Cl)c(Cl)cc1Cl		1
Triclocarban	101-20-2	231.0	OC(=Nc1ccc(Cl)c(Cl)c1)Nc1ccc(Cl)cc1		1
TRICLOPYR	055335-06-3|55335-06-3	1300.0	O=C(O)COc1nc(Cl)c(Cl)cc1Cl		1
Triclosan	3380-34-5|88032-08-0	398.8	Oc1cc(Cl)ccc1Oc1ccc(Cl)cc1Cl		1
TRICYCLOHEXYLTIN HYDROXIDE	13121-70-5|13171-70-5	50.0	O.[CH]1CCCCC1.[CH]1CCCCC1.[CH]1CCCCC1.[Sn]		1
TRIDECYLBENZENE	123-02-4|29463-64-7|53570-71-1	8.4	CCCCCCCCCCCCCc1ccccc1		1
Trifloxystrobin	141517-21-7	2.3	CON=C(C(=O)OC)c1ccccc1CON=C(C)c1cccc(C(F)(F)F)c1		1
TRIFORINE	26644-46-2	19.0	OC=NC(N1CCN(C(N=CO)C(Cl)(Cl)Cl)CC1)C(Cl)(Cl)Cl		1
TRIISOPROPANOLAMINE	122-20-3	2.0	CC(O)CN(CC(C)O)CC(C)O		1
TRIPHENYL PHOSPHATE	115-86-6	37.0	O=P(Oc1ccccc1)(Oc1ccccc1)Oc1ccccc1		1
TRIPHENYLTIN ACETATE	900-45-8|900-95-8	140.0	CC(=O)[O-].[Sn+].[c]1ccccc1.[c]1ccccc1.[c]1ccccc1		1
TRIPHENYLTIN CHLORIDE	639-58-7	14.0	[Cl-].[Sn+].[c]1ccccc1.[c]1ccccc1.[c]1ccccc1		1
TRIPHENYLTIN HYDROXIDE	76-87-9	14.0	O.[Sn].[c]1ccccc1.[c]1ccccc1.[c]1ccccc1		1
TYLOSIN	1401-69-0|8026-48-0	2.0	CC[C@H]1OC(=O)C[C@@H](O)[C@H](C)[C@@H](O[C@@H]2O[C@H](C)[C@@H](O[C@H]3C[C@@](C)(O)[C@@H](O)[C@H](C)O3)[C@H](N(C)C)[C@H]2O)[C@@H](CC=O)C[C@@H](C)C(=O)C=CC(C)=C[C@@H]1CO[C@@H]1O[C@H](C)[C@@H](O)[C@@H](OC)[C@H]1OC		1
VAMIDOTHION	2275-23-2	1.5	CN=C(O)C(C)SCCSP(=O)(OC)OC		1
VERNOLATE	1929-77-7	139.0	CCCSC(=O)N(CCC)CCC		1
VIRGINIAMYCIN	11006-76-1	173.0	CC1=CC(O)CC(=O)Cc2nc(co2)C(=O)N2CCC=C2C(=O)OC(C(C)C)C(C)C=CC(O)=NCC=C1.CCC1N=C(O)C(N=C(O)c2ncccc2O)C(C)OC(=O)C(c2ccccc2)N=C(O)C2CC(=O)CCN2C(=O)C(Cc2ccccc2)N(C)C(=O)C2CCCN2C1=O		1
Zoxamide	156052-68-5	19.0	CCC(C)(N=C(O)c1cc(Cl)c(C)c(Cl)c1)C(=O)CCl		1
p, p' - DDT		708.333333333333	Clc1ccccc1C(c1ccccc1Cl)C(Cl)(Cl)Cl	1,1,1-trichloro-2,2-bis(chlorophenyl)ethane	1
benzo a pyrene		708.333333333333	c1ccc2c(c1)cc1ccc3cccc4ccc2c1c34	benzo[a]pyrene	1
dibenz(a,h)anthracene	53-70-3	708.333333333333	c1ccc2c(c1)ccc1cc3c(ccc4ccccc43)cc12		1
benzamide	55-21-0|55738-52-8	7.08333333333333	N=C(O)c1ccccc1		1
tetrachlorometane		229.166666666667	ClC(Cl)(Cl)Cl	tetrachloro methane	1
parathion	56-38-2	22.9166666666667	CCOP(=S)(OCC)Oc1ccc([N+](=O)[O-])cc1		1
benz a anthracene		708.333333333333	c1ccc2cc3c(ccc4ccccc43)cc2c1	benzo[a]anthracene	1
chlordane	12789-03-6|33442-85-2|5103-71-9|5103-74-2	708.333333333333	ClC1=C(Cl)C2(Cl)C3C(Cl)C(Cl)CC3C1(Cl)C2(Cl)Cl		1
ethane, 1,1'-oxybis-	60-29-7|667919-88-2	22.9166666666667	CCOCC		1
acetamide	60-35-5|74330-92-0	7.08333333333333	CC(=N)O		1
dieldrin	60-57-1|605-72-1	708.333333333333	ClC1=C(Cl)[C@]2(Cl)[C@@H]3[C@@H]4C[C@@H]([C@H]5O[C@@H]45)[C@@H]3[C@@]1(Cl)C2(Cl)Cl		1
benzenamine	136260-71-4|62-53-3	7.08333333333333	Nc1ccccc1		1
ethanethioamide	62-55-5	7.08333333333333	CC(=N)S		1
methanamine, n-methyl-n-nitroso-	62-75-9	70.8333333333333	CN(C)N=O		1
1-naphthalenol, methylcarbamate	27636-33-5|3197-92-0|63-25-2	22.9166666666667	CN=C(O)Oc1cccc2ccccc12		1
ethanol	42845-45-4|64-17-5|8000-16-6	2.29166666666667	CCO		1
formic acid	64-18-6|82069-14-5	7.08333333333333	O=CO		1
acetic acid	64-19-7|77671-22-8	7.08333333333333	CC(=O)O		1
benzoic acid	14322-82-8|65-85-0	7.08333333333333	O=C(O)c1ccccc1		1
methanol	170082-17-4|67-56-1	2.29166666666667	CO		1
2-propanol	1344575-38-7|67-63-0|8003-15-4	2.29166666666667	CC(C)O		1
2-propanone	67-64-1	7.08333333333333	CC(C)=O		1
methane, trichloro-	67-66-3	229.166666666667	ClC(Cl)Cl		1
ethane, hexachloro-	67-72-1	229.166666666667	ClC(Cl)(Cl)C(Cl)(Cl)Cl		1
benzoic acid, 2-hydroxy-	29656-58-4|69-72-7|8052-31-1	7.08333333333333	O=C(O)c1ccccc1O		1
1-propanol	142583-61-7|62309-51-7|71-23-8	2.29166666666667	CCCO		1
1-butanol	1219794-84-9|35296-72-1|6167-45-9|64118-16-7|71-36-3	2.29166666666667	CCCCO		1
1-pentanol	148587-12-6|30899-19-5|71-41-0	2.29166666666667	CCCCCO		1
benzene	25053-22-9|26181-88-4|3355-34-8|54682-86-9|62485-97-6|71-43-2	22.9166666666667	c1ccccc1		1
methoxychlor	1644449-82-0|72-43-5	70.8333333333333	COc1ccc(C(c2ccc(OC)cc2)C(Cl)(Cl)Cl)cc1		1
p,p' - DDE		2291.66666666667	ClC(Cl)=C(c1ccc(Cl)cc1)c1ccc(Cl)cc1	1,1'-(2,2-dichloroethenylidene)bis[4-chloro-benzene]	1
methane, bromochloro-	13590-47-1|74-97-5	70.8333333333333	ClCBr		1
ethene, chloro-	1187028-37-0|75-01-4	70.8333333333333	C=CCl		1
ethanamine	75-04-7	7.08333333333333	CCN		1
acetaldehyde	75-07-0	2.29166666666667	CC=O		1
methane, dichloro-	75-09-2	229.166666666667	ClCCl		1
methane, bromodichloro-	75-27-4	70.8333333333333	ClC(Cl)Br		1
2-propanol, 2-methyl-	25-65-0|75-65-0	7.08333333333333	CC(C)(C)O		1
propanoic acid, 2,2-dichloro-	75-99-0	70.8333333333333	CC(Cl)(Cl)C(=O)O		1
ethane, pentachloro-	76-01-7	229.166666666667	ClC(Cl)C(Cl)(Cl)Cl		1
1-propanol, 2-methyl-	78-83-1	2.29166666666667	CC(C)CO		1
propane, 1,2-dichloro-	78-87-5	229.166666666667	CC(Cl)CCl		1
2-butanone	78-93-3	2.29166666666667	CCC(C)=O		1
ethene, trichloro-	123919-09-5|79-01-6	70.8333333333333	ClC=C(Cl)Cl		1
2-propenoic acid	55927-87-2|79-10-7|9063-87-0	7.08333333333333	C=CC(=O)O		1
acetic acid, chloro-	79-11-8	22.9166666666667	O=C(O)CCl		1
acetic acid, methyl ester	79-20-9	7.08333333333333	COC(C)=O		1
ethane, 1,1,2,2-tetrachloro-	79-34-5	229.166666666667	ClC(Cl)C(Cl)Cl		1
2-propenoic acid, 2-methyl-, methyl ester	114512-63-9|143476-91-9|51391-19-6|80-62-6|9065-11-6|97555-82-3	7.08333333333333	C=C(C)C(=O)OC		1
1,2-benzenedicarboxylic acid, diethyl ester	84-66-2	22.9166666666667	CCOC(=O)c1ccccc1C(=O)OCC		1
1,2-benzenedicarboxylic acid, dibutyl ester	84-74-2	22.9166666666667	CCCCOC(=O)c1ccccc1C(=O)OCCCC		1
phenanthrene	85-01-8	229.166666666667	c1ccc2c(c1)ccc1ccccc12		1
1,2-benzenedicarboxylic acid, butyl phenylmethyl ester	85-68-7	22.9166666666667	CCCCOC(=O)c1ccccc1C(=O)OCc1ccccc1		1
benzenamine, n-nitroso-n-phenyl-	382165-80-2|86-30-6	70.8333333333333	O=NN(c1ccccc1)c1ccccc1		1
9h-fluorene	86-73-7	229.166666666667	c1ccc2c(c1)Cc1ccccc1-2		1
benzenamine, 2,6-dimethyl-	87-62-7	22.9166666666667	Cc1cccc(C)c1N		1
phenol, 2,4,6-trichloro-	88-06-2	70.8333333333333	Oc1c(Cl)cc(Cl)cc1Cl		1
benzene, 1-methyl-2-nitro-	1321-12-6|88-72-2	70.8333333333333	Cc1ccccc1[N+](=O)[O-]		1
phenol, 2-nitro-	25154-55-6|78813-12-4|88-75-5	22.9166666666667	O=[N+]([O-])c1ccccc1O		1
1,2-benzenedicarboxylic acid	254110-94-6|57142-78-6|88-99-3	7.08333333333333	O=C(O)c1ccccc1C(=O)O		1
phenol, 2-methoxy-	90-05-1|9009-62-5	7.08333333333333	COc1ccccc1O		1
naphthalene, 1-methyl-	1321-94-4|90-12-0	70.8333333333333	Cc1cccc2ccccc12		1
naphthalene	31807-65-5|91-20-3	70.8333333333333	c1ccc2ccccc2c1		1
quinoline	15793-82-5|15793-83-6|15793-84-7|15793-85-8|15793-86-9|15793-87-0|31177-31-8|54978-41-5|91-22-5	22.9166666666667	c1ccc2ncccc2c1		1
2-naphthalenamine	612-52-2|91-59-8	7.08333333333333	Nc1ccc2ccccc2c1		1
1,1'-biphenyl		22.9166666666667	c1ccc(-c2ccccc2)cc1		1
1,1'-biphenyl -4,4'-diamine		7.08333333333333	Nc1ccc(-c2ccc(N)cc2)cc1		1
acetic acid, (2,4-dichlorophenoxy)-	64296-19-1|94-75-7	22.9166666666667	O=C(O)COc1ccc(Cl)cc1Cl		1
2,4-dichlorophenoxybutyric acid	94-82-6	7.08333333333333	O=C(O)CCCOc1ccc(Cl)cc1Cl		1
benzo b thiophene		70.8333333333333	c1ccc2sccc2c1	benzothiophene	1
benzene, 1,2-dimethyl-	95-47-6	70.8333333333333	Cc1ccccc1C		1
benzene, 1,2-dichloro-	95-50-1	229.166666666667	Clc1ccccc1Cl		1
benzenamine, 2-chloro-	27134-26-5|95-51-2	22.9166666666667	Nc1ccccc1Cl		1
benzenamine, 2-methyl-	121536-13-8|68408-22-0|95-53-4	2.29166666666667	Cc1ccccc1N		1
benzene, 1,2,4-trimethyl-	95-36-3|95-63-6	70.8333333333333	Cc1ccc(C)c(C)c1		1
benzene, 1,2,4,5-tetramethyl-	15220-27-6|95-93-2	70.8333333333333	Cc1cc(C)c(C)cc1C		1
benzene, 1,2,4,5-tetrachloro-	12408-10-5|63697-22-3|95-94-3	229.166666666667	Clc1cc(Cl)c(Cl)cc1Cl		1
phenol, 2,4,5-trichloro-	95-95-4	70.8333333333333	Oc1cc(Cl)c(Cl)cc1Cl		1
oxirane, phenyl-	192506-02-8|25189-69-9|96-09-3	22.9166666666667	c1ccc(C2CO2)cc1		1
propane, 1,2,3-trichloro-	96-18-4	229.166666666667	ClCC(Cl)CCl		1
3-pentanone	96-22-0	7.08333333333333	CCC(=O)CC		1
benzene, (1-methylethyl)-	101316-43-2|98-82-8	70.8333333333333	CC(C)c1ccccc1		1
ethanone, 1-phenyl-	98-86-2	7.08333333333333	CC(=O)c1ccccc1		1
benzene, nitro-	98-95-3	70.8333333333333	O=[N+]([O-])c1ccccc1		1
benzene, 1-methyl-4-nitro-	99-99-0	70.8333333333333	Cc1ccc([N+](=O)[O-])cc1		1
phenol, 4-nitro-	100-02-7	22.9166666666667	O=[N+]([O-])c1ccc(O)cc1		1
benzene, ethyl-	100-41-4|20302-26-5	70.8333333333333	CCc1ccccc1		1
benzene, ethenyl-	100-42-5|12770-88-6|25086-18-4|6911-81-5|98444-30-5	22.9166666666667	C=Cc1ccccc1		1
benzenemethanol	100-51-6|185532-71-2|66072-40-0	2.29166666666667	OCc1ccccc1		1
benzene, methoxy-	100-66-3	22.9166666666667	COc1ccccc1		1
benzene, 1,1'-oxybis-	101-84-8|32576-61-7	22.9166666666667	c1ccc(Oc2ccccc2)cc1		1
benzene, propyl-	103-65-1	70.8333333333333	CCCc1ccccc1		1
benzeneacetic acid	103-82-2|17303-65-0|51146-16-8	7.08333333333333	O=C(O)Cc1ccccc1		1
phenol, 2,4-dimethyl-	105-67-9	7.08333333333333	Cc1ccc(O)c(C)c1		1
benzene, 1,4-dimethyl-	106-42-3|136777-61-2	70.8333333333333	Cc1ccc(C)cc1		1
benzene, 1,4-dichloro-	106-46-7|55232-43-4	229.166666666667	Clc1ccc(Cl)cc1		1
benzenamine, 4-chloro-	106-47-8	7.08333333333333	Nc1ccc(Cl)cc1		1
1,3-butadiene	106-99-0|130983-70-9|1983-06-8|25339-57-5|26952-74-9	22.9166666666667	C=CC=C		1
2-propenal	107-02-8|81788-96-7	2.29166666666667	C=CC=O		1
ethane, 1,2-dichloro-	107-06-2|25323-30-2|52399-93-6	229.166666666667	ClCCCl		1
propanenitrile	107-12-0	22.9166666666667	CCC#N		1
2-propenenitrile	107-13-1|63908-52-1	7.08333333333333	C=CC#N		1
2-propen-1-ol	107-18-6	2.29166666666667	C=CCO		1
1,2-ethanediol	107-21-1	2.29166666666667	OCCO		1
methane, chloromethoxy-	107-30-2	22.9166666666667	COCCl		1
formic acid, methyl ester	107-31-3	7.08333333333333	COC=O		1
2-pentanone	107-87-9	7.08333333333333	CCCC(C)=O		1
butanoic acid	107-92-6	7.08333333333333	CCCC(=O)O		1
acetic acid ethenyl ester	108-05-4|93196-02-2	7.08333333333333	C=COC(C)=O		1
2-pentanone, 4-methyl-	108-10-1	7.08333333333333	CC(=O)CC(C)C		1
benzene, 1,3-dimethyl-	108-38-3	70.8333333333333	Cc1cccc(C)c1		1
benzene, 1,3,5-trimethyl-	108-67-8|19121-63-2	70.8333333333333	Cc1cc(C)cc(C)c1		1
benzene, 1,3,5-trichloro-	108-70-3|63697-19-8	229.166666666667	Clc1cc(Cl)cc(Cl)c1		1
benzene, bromo-	108-86-1|52753-63-6	229.166666666667	Brc1ccccc1		1
cyclohexane, methyl-	108-87-2	22.9166666666667	CC1CCCCC1		1
benzene, methyl-	108-88-3|25013-04-1	70.8333333333333	Cc1ccccc1		1
pyridine, 4-methyl-	108-89-4|69046-49-7|92075-35-9	70.8333333333333	Cc1ccncc1		1
benzene, chloro-	108-90-7|50717-45-8	229.166666666667	Clc1ccccc1		1
cyclohexanamine	108-91-8|157973-60-9	2.29166666666667	NC1CCCCC1		1
cyclohexanol	108-93-0	2.29166666666667	OC1CCCCC1		1
cyclohexanone	108-94-1|9075-99-4	7.08333333333333	O=C1CCCCC1		1
phenol	108-95-2|17442-59-0|27073-41-2|63496-48-0|73607-76-8	7.08333333333333	Oc1ccccc1		1
pyridine, 3-methyl-	108-99-6	70.8333333333333	Cc1cccnc1		1
acetic acid, propyl ester	109-60-4	7.08333333333333	CCCOC(C)=O		1
pentane	102056-77-9|107949-95-1|109-66-0	70.8333333333333	CCCCC		1
1-pentene	109-67-1|25587-78-4	22.9166666666667	C=CCCC		1
1-butanamine	109-73-9	2.29166666666667	CCCCN		1
formic acid, ethyl ester	109-94-4	7.08333333333333	CCOC=O		1
furan, tetrahydro-	109-99-9|24979-97-3	22.9166666666667	C1CCOC1		1
furan	110-00-9|25067-54-3	22.9166666666667	c1ccoc1		1
thiophene	107760-19-0|110-02-1|25233-34-5|51325-05-4	70.8333333333333	c1ccsc1		1
2-heptanone	110-43-0	7.08333333333333	CCCCCC(C)=O		1
hexane	110-54-3|478799-92-7|50981-41-4|92112-69-1	70.8333333333333	CCCCCC		1
ethene, (2-chloroethoxy)-	110-75-8|29160-08-5	22.9166666666667	C=COCCCl		1
cyclohexane	110-82-7|12217-02-6	22.9166666666667	C1CCCCC1		1
cyclohexene	110-83-8|25012-94-6	22.9166666666667	C1=CCCCC1		1
pyridine	110-86-1|29761-81-7	70.8333333333333	c1ccncc1		1
1-hexanol	111-27-3|25917-35-5	2.29166666666667	CCCCCCO		1
ethanol, 2,2'-iminobis-	111-42-2	7.08333333333333	OCCNCCO		1
propane, 1,1'-oxybis-	111-43-3	22.9166666666667	CCCOCCC		1
ethane, 1,1'-oxybis 2-chloro-		22.9166666666667	ClCCOCCCl	1,1'-oxybis(2-chloroethane)	1
octane	111-65-9|31372-91-5|9065-92-3	70.8333333333333	CCCCCCCC		1
1-octene	111-66-0|26746-84-9	22.9166666666667	C=CCCCCCC		1
1-octanol	111-87-5|220713-26-8|29063-28-3	2.29166666666667	CCCCCCCCO		1
dodecane	112-40-3|93685-81-5	70.8333333333333	CCCCCCCCCCCC		1
propoxur	114-26-1	22.9166666666667	CN=C(O)Oc1ccccc1OC(C)C		1
methane, oxybis-	115-10-6|157621-61-9	22.9166666666667	COC		1
aldicarb	116-06-3	70.8333333333333	CN=C(O)ON=CC(C)(C)SC		1
HCB	118-74-1	2291.66666666667	Clc1c(Cl)c(Cl)c(Cl)c(Cl)c1Cl		1
benzoic acid, 2-methyl-	118-90-1|25567-10-6|442197-98-0	7.08333333333333	Cc1ccccc1C(=O)O		1
benzoic acid, 2-chloro-	118-91-2|26264-09-5	70.8333333333333	O=C(O)c1ccccc1Cl		1
methanone, diphenyl-	119-61-9	7.08333333333333	O=C(c1ccccc1)c1ccccc1		1
anthracene	120-12-7|54261-80-2	229.166666666667	c1ccc2cc3ccccc3cc2c1		1
1,2-benzenediol	120-80-9|12385-08-9|26982-53-6	7.08333333333333	Oc1ccccc1O		1
benzene, 1,2,4-trichloro-	104810-41-5|120-82-1|63697-18-7	229.166666666667	Clc1ccc(Cl)c(Cl)c1		1
phenol, 2,4-dichloro-	120-83-2|3317-66-6	22.9166666666667	Oc1ccc(Cl)cc1Cl		1
benzene, 1-methyl-2,4-dinitro-	121-14-2|1326-41-6|84029-42-5	70.8333333333333	Cc1ccc([N+](=O)[O-])cc1[N+](=O)[O-]		1
benzenamine, n,n-dimethyl-	101357-19-1|121-69-7|86362-18-7	22.9166666666667	CN(C)c1ccccc1		1
malathion	121-75-5	2.29166666666667	CCOC(=O)CC(SP(=S)(OC)OC)C(=O)OCC		1
1,3,5-triazine-2,4-diamine, 6-chloro-n,n'-diethyl-	122-34-9	70.8333333333333	CCN=c1nc(Cl)[nH]c(=NCC)[nH]1		1
benzenamine, n-phenyl-	122-39-4|25656-57-9	22.9166666666667	c1ccc(Nc2ccccc2)cc1		1
propanal	123-38-6|25722-18-3	2.29166666666667	CCC=O		1
butanal	123-72-8|27789-14-6	2.29166666666667	CCCC=O		1
acetic acid, butyl ester	123-86-4	7.08333333333333	CCCCOC(C)=O		1
1,4-dioxane	123-91-1|28552-22-9	22.9166666666667	C1COCCO1		1
decane	116372-01-1|124-18-5|63335-87-5	70.8333333333333	CCCCCCCCCC		1
methanamine, n-methyl-	124-40-3|20786-94-1	7.08333333333333	CNC		1
1,3-butadiene, 2-chloro-	126-99-8	70.8333333333333	C=CC(=C)Cl		1
pyrene	129-00-0|1346601-04-4|41496-25-7	708.333333333333	c1cc2ccc3cccc4ccc(c1)c2c34		1
1,2-benzenedicarboxylic acid, dimethyl ester	131-11-3	22.9166666666667	COC(=O)c1ccccc1C(=O)OC		1
dibenzofuran	132-64-9	70.8333333333333	c1ccc2c(c1)oc1ccccc12		1
1-naphthalenamine	134-32-7|25168-10-9	7.08333333333333	Nc1cccc2ccccc12		1
thioperoxydicarbonic diamide, tetramethyl-	137-26-8	22.9166666666667	CN(C)C(=S)SSC(=S)N(C)C		1
ethanol, 2-amino-	12220-07-4|12220-09-6|141-43-5	2.29166666666667	NCCO		1
acetic acid ethyl ester	141-78-6	7.08333333333333	CCOC(C)=O		1
cyclopentene	10016-46-3|142-29-0|29300-20-7	22.9166666666667	C1=CCCC1		1
hexanoic acid	142-62-1|56279-38-0	7.08333333333333	CCCCCC(=O)O		1
perylene	198-55-0|69736-15-8	708.333333333333	c1cc2cccc3c4cccc5cccc(c(c1)c23)c54		1
fluoranthene	206-44-0|76774-50-0	708.333333333333	c1ccc2c(c1)-c1cccc3cccc-2c13		1
benzo(k)fluoranthene	207-08-9	708.333333333333	c1ccc2cc3c(cc2c1)-c1cccc2cccc-3c12		1
chrysene	218-01-9|65777-08-4	708.333333333333	c1ccc2c(c1)ccc1c3ccccc3ccc21		1
cyclopentane	287-92-3	22.9166666666667	C1CCCC1		1
cyclo-octane		22.9166666666667	C1CCCCCCC1		1
parathion methyl	298-00-0	22.9166666666667	COP(=S)(OC)Oc1ccc([N+](=O)[O-])cc1		1
aldrin	309-00-2	708.333333333333	ClC1=C(Cl)[C@]2(Cl)[C@H]3[C@H]([C@@H]4C=C[C@H]3C4)[C@@]1(Cl)C2(Cl)Cl		1
diuron	330-54-1	70.8333333333333	CN(C)C(O)=Nc1ccc(Cl)c(Cl)c1		2
linuron	330-55-2|56645-87-5	70.8333333333333	CON(C)C(O)=Nc1ccc(Cl)c(Cl)c1		1
diazinon	333-41-5	70.8333333333333	CCOP(=S)(OCC)Oc1cc(C)nc(C(C)C)n1		1
benzene, fluoro-	462-06-6	22.9166666666667	Fc1ccccc1		1
1h-indene, 2,3-dihydro-	496-11-7|56573-11-6	70.8333333333333	c1ccc2c(c1)CCC2		1
benzene, 1,2,3-trimethyl-	25551-13-7|526-73-8	70.8333333333333	Cc1cccc(C)c1C		1
phenol, 2-methyl-4,6-dinitro-	534-52-1	70.8333333333333	Cc1cc([N+](=O)[O-])cc([N+](=O)[O-])c1O		1
benzene, 1,3-dichloro-	541-73-1|63697-17-6	229.166666666667	Clc1cccc(Cl)c1		1
2,3-dimethylnaphthalene	581-40-8	70.8333333333333	Cc1cc2ccccc2cc1C		1
benzene, iodo-	51209-48-4|591-50-4	229.166666666667	Ic1ccccc1		1
2-hexanone	30637-87-7|591-78-6	7.08333333333333	CCCCC(C)=O		1
acetic acid, 2-propenyl ester	29467-34-3|591-87-7	7.08333333333333	C=CCOC(C)=O		1
1,4-pentadiene	591-93-5	22.9166666666667	C=CCC=C		1
formic acid, butyl ester	592-84-7	7.08333333333333	CCCCOC=O		1
benzene, pentachloro-	608-93-5	708.333333333333	Clc1cc(Cl)c(Cl)c(Cl)c1Cl		1
1-propanamine, n-nitroso-n-propyl-	621-64-7	70.8333333333333	CCCN(CCC)N=O		1
3-butenoic acid	28391-17-5|625-38-7	7.08333333333333	C=CCC(=O)O		1
1,4-cyclohexadiene	628-41-1	22.9166666666667	C1=CCC=CC1		1
acetic acid, pentyl ester	628-63-7|828-63-7	7.08333333333333	CCCCCOC(C)=O		1
benzene, 1,2,3,4-tetrachloro-	13280-72-3|634-66-2|63697-20-1	229.166666666667	Clc1ccc(Cl)c(Cl)c1Cl		1
benzene, 1,2,3,5-tetrachloro-	634-90-2|63697-21-2	229.166666666667	Clc1cc(Cl)c(Cl)c(Cl)c1		1
1-hexyne	26856-30-4|28827-85-2|693-02-7	22.9166666666667	C#CCCCC		1
carbamothioic acid, dipropyl-, s-ethyl ester	759-94-4	7.08333333333333	CCCN(CCC)C(=O)SCC		1
1-ethylnaphthalene	1127-76-0|27138-19-8|29793-40-6	70.8333333333333	CCc1cccc2ccccc12		1
carbofuran	1563-66-2	22.9166666666667	CN=C(O)Oc1cccc2c1OC(C)(C)C2		1
trifluralin	1582-09-8|71281-30-6	70.8333333333333	CCCN(CCC)c1c([N+](=O)[O-])cc(C(F)(F)F)cc1[N+](=O)[O-]		1
propane, 2-methoxy-2-methyl-	1219795-06-8|1634-04-4	22.9166666666667	COC(C)(C)C		1
2,3,7,8-TCDD	1746-01-6|56795-67-6	708.333333333333	Clc1cc2c(cc1Cl)Oc1cc(Cl)c(Cl)cc1O2		1
atrazine	102029-43-6|1912-24-9	70.8333333333333	CCN=c1nc(Cl)[nH]c(=NC(C)C)[nH]1		1
dicamba	1918-00-9|62610-39-3|89300-29-8	22.9166666666667	COc1c(Cl)ccc(Cl)c1C(=O)O		2
decachlorobiphenyl		2291.66666666667	Clc1c(Cl)c(Cl)c(-c2c(Cl)c(Cl)c(Cl)c(Cl)c2Cl)c(Cl)c1Cl		1
3 chlorobiphenyl		708.333333333333	Clc1cccc(-c2ccccc2)c1		1
diallate	17708-57-5|2303-16-4	70.8333333333333	CC(C)N(C(=O)SCC(Cl)=CCl)C(C)C		1
triallate	2303-17-5	7.08333333333333	CC(C)N(C(=O)SCC(Cl)=C(Cl)Cl)C(C)C		1
2-methoxytetrachlorophenol	2539-17-5|97331-56-1	70.8333333333333	COc1c(O)c(Cl)c(Cl)c(Cl)c1Cl		1
octachlorodibenzo-p-dioxin	3268-87-9	2291.66666666667	Clc1c(Cl)c(Cl)c2c(c1Cl)Oc1c(Cl)c(Cl)c(Cl)c(Cl)c1O2		1
o,p' DDE	3424-82-6	2291.66666666667	ClC(Cl)=C(c1ccc(Cl)cc1)c1ccccc1Cl		1
2,8-dichlorodibenzofuran	5409-83-6	229.166666666667	Clc1ccc2oc3ccc(Cl)cc3c2c1		1
benzene, 1-chloro-4-phenoxy-	55398-86-2|7005-72-3	22.9166666666667	Clc1ccc(Oc2ccccc2)cc1		1
mecoprop	7085-19-0|93-65-2	7.08333333333333	Cc1cc(Cl)ccc1OC(C)C(=O)O		1
toxaphene	1852481-29-8|8001-35-2	2291.66666666667	C=C1C(CCl)(CCl)C2(Cl)C(Cl)C(Cl)C1(Cl)C2(Cl)Cl		1
benomyl	17804-35-2	70.8333333333333	CCCCN=C(O)n1c(N=C(O)OC)nc2ccccc21		1
2,3,4-trichlorobiphenyl		2291.66666666667	Clc1ccc(-c2ccccc2)c(Cl)c1Cl		1
2,3,3',4',5'-pentachlorobiphenyl		2291.66666666667	Clc1cc(-c2cccc(Cl)c2Cl)cc(Cl)c1Cl		1
2,2' dichloro 4 methylbiphenyl		708.333333333333	Cc1ccc(-c2ccccc2Cl)c(Cl)c1		1
3,3',4,4',5,5'-hexachlorobiphenyl		2291.66666666667	Clc1cc(-c2cc(Cl)c(Cl)c(Cl)c2)cc(Cl)c1Cl		1
2,2',3,3',4,5,6-heptachlorobiphenyl		2291.66666666667	Clc1cccc(-c2c(Cl)c(Cl)c(Cl)c(Cl)c2Cl)c1Cl		1
1,2,3,4-tetrachlorodibenzo-p-dioxin	30746-58-8	708.333333333333	Clc1c(Cl)c(Cl)c2c(c1Cl)Oc1ccccc1O2		1
isopropalin	33820-53-0	70.8333333333333	CCCN(CCC)c1c([N+](=O)[O-])cc(C(C)C)cc1[N+](=O)[O-]		1
2,7-dichlorodibenzo-p-dioxin	33857-26-0	229.166666666667	Clc1ccc2c(c1)Oc1ccc(Cl)cc1O2		2
1,2,3,4,6,7,8-heptchlorodibenzo-p-dioxin		2291.66666666667	Clc1cc2c(c(Cl)c1Cl)Oc1c(Cl)c(Cl)c(Cl)c(Cl)c1O2		1
2,8-dichlorodibenzo-p-dioxin	38964-22-6	229.166666666667	Clc1ccc2c(c1)Oc1cc(Cl)ccc1O2		1
octachlorodibenzofuran	39001-02-0	2291.66666666667	Clc1c(Cl)c(Cl)c2c(oc3c(Cl)c(Cl)c(Cl)c(Cl)c32)c1Cl		1
1,2,4-trichlorodibenzo-p-dioxin	39227-58-2	229.166666666667	Clc1cc(Cl)c2c(c1Cl)Oc1ccccc1O2		1
1,2,3,4,7-pentachlorodibenzo-p-dioxin	39227-61-7	708.333333333333	Clc1ccc2c(c1)Oc1c(Cl)c(Cl)c(Cl)c(Cl)c1O2		1
2,3,7,8-TCDF	51207-31-9	708.333333333333	Clc1cc2oc3cc(Cl)c(Cl)cc3c2cc1Cl		1
metolachlor	51218-45-2|82535-90-8	70.8333333333333	CCc1cccc(C)c1N(C(=O)CCl)C(C)COC		1
2,2',3,3',4,5,5',6,6'-nonachlorobiphenyl		2291.66666666667	Clc1cc(Cl)c(Cl)c(-c2c(Cl)c(Cl)c(Cl)c(Cl)c2Cl)c1Cl		1
PCB 28*		416.666666666667	Clc1ccc(-c2ccc(Cl)cc2Cl)cc1	2,4,4'-Trichlorobiphenyl	1
PCB 101*		4166.66666666667	Clc1ccc(Cl)c(-c2cc(Cl)c(Cl)cc2Cl)c1	2,2',4,5,5'-Pentachlorobiphenyl	1
PCB 180*		41666.6666666667	Clc1cc(Cl)c(-c2cc(Cl)c(Cl)c(Cl)c2Cl)cc1Cl	2,2',3,4,4',5,5'-Heptachlorobiphenyl	1
p-cresol*		0.166666666666667	Cc1ccc(O)cc1	p-cresol	1
amisulbrom	348635-87-0	97.0	Cc1c(Br)c2ccc(F)cc2n1S(=O)(=O)c1ncn(S(=O)(=O)N(C)C)n1		1
asulam	3337-71-1	4.7	COC(O)=NS(=O)(=O)c1ccc(N)cc1		1
azoxystrobin	131860-33-8|215934-32-0	93.0	COC=C(C(=O)OC)c1ccccc1Oc1cc(Oc2ccccc2C#N)ncn1		1
benzovindiflupyr	1072957-71-1	639.0	Cn1cc(C(O)=Nc2cccc3c2C2CCC3C2=C(Cl)Cl)c(C(F)F)n1		1
bixafen	581809-46-3	365.0	Cn1cc(C(O)=Nc2ccc(F)cc2-c2ccc(Cl)c(Cl)c2)c(C(F)F)n1		1
carbendazim	105268-95-9|10605-21-7|37953-07-4|39413-19-9	34.0	COC(O)=Nc1nc2ccccc2[nH]1		1
carbetamide	16118-49-3	9.0	CCN=C(O)[C@@H](C)OC(O)=Nc1ccccc1		1
chlorantraniliprole	500008-45-7	219.0	CN=C(O)c1cc(Cl)cc(C)c1N=C(O)c1cc(Br)nn1-c1ncccc1Cl		1
clomazone	81777-89-1	39.0	CC1(C)CON(Cc2ccccc2Cl)C1=O		1
cyantraniliprole	736994-63-1	38.0	CN=C(O)c1cc(C#N)cc(C)c1N=C(O)c1cc(Br)nn1-c1ncccc1Cl		1
cyclaniliprole	1031756-98-5	840.0	CC(N=C(O)c1cc(Cl)cc(Br)c1N=C(O)c1cc(Br)nn1-c1ncccc1Cl)C1CC1		1
dimethenamid	87674-68-8	14.0	COCC(C)N(C(=O)CCl)c1c(C)csc1C		1
dimoxystrobin	145451-07-6|149961-52-4	271.0	CN=C(O)C(=NOC)c1ccccc1COc1cc(C)ccc1C		1
fenhexamid	126833-17-8	0.29	CC1(C(O)=Nc2ccc(O)c(Cl)c2Cl)CCCCC1		1
fenoxycarb	72490-01-8|79127-80-3	1.3	CCOC(O)=NCCOc1ccc(Oc2ccccc2)cc1		1
fipronil	120068-37-3	233.0	N#Cc1nn(-c2c(Cl)cc(C(F)(F)F)cc2Cl)c(N)c1S(=O)C(F)(F)F		1
flonicamid	158062-67-0	1.2	N#CCN=C(O)c1cnccc1C(F)(F)F		1
florasulam	145701-23-1	3.5	COc1ncc(F)c2nc(S(=O)(=O)Nc3c(F)cccc3F)nn12		1
fluopicolide	239110-15-7	380.0	OC(=NCc1ncc(C(F)(F)F)cc1Cl)c1c(Cl)cccc1Cl		1
fluopyram	658066-35-4	332.0	OC(=NCCc1ncc(C(F)(F)F)cc1Cl)c1ccccc1C(F)(F)F		1
flupyradifurone	951659-40-8	65.0	O=C1C=C(N(Cc2ccc(Cl)nc2)CC(F)F)CO1		1
flutianil	958647-10-4	336.0	COc1ccccc1N1CCSC1=C(C#N)Sc1cc(C(F)(F)F)ccc1F		1
fluxapyroxad	907204-31-3	237.0	Cn1cc(C(O)=Nc2ccccc2-c2cc(F)c(F)c(F)c2)c(C(F)F)n1		1
imidacloprid	138261-41-3	186.0	O=[N+]([O-])NC1=NCCN1Cc1ccc(Cl)nc1		1
iprovalicarb	140923-17-7	5.8	Cc1ccc(C(C)N=C(O)[C@@H](N=C(O)OC(C)C)C(C)C)cc1		1
isofetamid	875915-78-9	44.1	Cc1cc(OC(C)C)ccc1C(=O)C(C)(C)N=C(O)c1sccc1C		1
isoproturon	34123-59-6	11.5	CC(C)c1ccc(NC(=O)N(C)C)cc1		1
isopyrazam	881685-58-1	258.0	CC(C)C1C2CCC1c1c(N=C(O)c3cn(C)nc3C(F)F)cccc12		1
kresoxim-methyl	143390-89-0	0.46	CON=C(C(=O)OC)c1ccccc1COc1ccccc1C		1
mandipropamid	374726-62-2	53.0	C#CCOc1ccc(CCN=C(O)C(OCC#C)c2ccc(Cl)cc2)cc1OC		1
mesosulfuron-methyl	208465-21-8	42.4	COC(=O)c1ccc(CNS(C)(=O)=O)cc1S(=O)(=O)NC(O)=Nc1nc(OC)cc(OC)n1		1
mesotrione	104206-82-8|268548-24-9	11.7	CS(=O)(=O)c1ccc(C(=O)C2C(=O)CCCC2=O)c([N+](=O)[O-])c1		1
metaflumizone	139968-49-3|852403-68-0	256.0	N#Cc1ccc(CC(=NN=C(O)Nc2ccc(OC(F)(F)F)cc2)c2cccc(C(F)(F)F)c2)cc1		1
oxathiapiprolin	1003318-67-9	76.0	Cc1cc(C(F)(F)F)nn1CC(=O)N1CCC(c2nc(C3=NOC(c4c(F)cccc4F)C3)cs2)CC1		1
picoxystrobin	117428-22-5	23.0	COC=C(C(=O)OC)c1ccccc1COc1cccc(C(F)(F)F)n1		1
pinoxaden	243973-20-8	0.32	CCc1cc(C)cc(CC)c1-c1c(OC(=O)C(C)(C)C)n2n(c1=O)CCOCC2		1
proquinazid	189278-12-4	136.0	CCCOc1nc2ccc(I)cc2c(=O)n1CCC		1
pyroxsulam	422556-08-9	3.9	COc1cc(OC)n2[nH]c(=NS(=O)(=O)c3c(C(F)(F)F)ccnc3OC)nc2n1		1
sedaxane	874967-67-6	83.0	Cn1cc(C(O)=Nc2ccccc2C2CC2C2CC2)c(C(F)F)n1		1
spirodiclofen	148477-71-8	6.4	CCC(C)(C)C(=O)OC1=C(c2ccc(Cl)cc2Cl)C(=O)OC12CCCCC2		1
spiromesifen	283594-90-1	5.3	Cc1cc(C)c(C2=C(OC(=O)CC(C)(C)C)C3(CCCC3)OC2=O)c(C)c1		1
spirotetramat	203313-25-1|382608-10-8	0.38	CCOC(=O)OC1=C(c2cc(C)ccc2C)C(O)=NC12CCC(OC)CC2		1
sulfoxaflor	946578-00-3	0.087	CC(c1ccc(C(F)(F)F)nc1)S(C)(=O)=NC#N		1
tembotrione	263401-02-1|335104-84-2	12.4	CS(=O)(=O)c1ccc(C(=O)C2C(=O)CCCC2=O)c(Cl)c1COCC(F)(F)F		1
terbuthylazine	5915-41-3	110.0	CCN=c1nc(Cl)nc(NC(C)(C)C)[nH]1		1
topramezone	210631-68-8	201.0	Cc1c(C(=O)c2c[nH]n(C)c2=O)ccc(S(C)(=O)=O)c1C1=NOCC1		1
trinexapac-ethyl	95266-40-3	0.12	CCOC(=O)C1CC(=O)C(=C(O)C2CC2)C(=O)C1		1
valifenalate	283159-90-0	0.13	COC(=O)CC(N=C(O)[C@@H](N=C(O)OC(C)C)C(C)C)c1ccc(Cl)cc1		1
